texto,produto,fonte_promocao,aspecto,aspecto_detectado,sentimento_aspecto,sentimento_previsto,fonte_classificacao,absa_resultado,absa_correto
"Amei demais a caixa de som, ótima qualidade, loja super confiável sou do estado do Pará, porém muito longe da capital, afuá Pará",JBL Boombox 4,Double Date,qualidade,qualidade,positivo,positivo,lexico,qualidade:positivo,True
"Ótima caixa, chegou no prazo ela é potente original",JBL Boombox 4,Double Date,entrega,entrega,positivo,positivo,lexico,entrega:positivo,True
"A caixa é bonita, toca muito bem, ainda depois da atualização que ela ficou melhor ainda.",JBL Boombox 4,Double Date,qualidade,qualidade,positivo,positivo,lexico,qualidade:positivo,True
"Super satisfeita com a qualidade do som. Produto ótimo, original, podem comprar sem medo de ser feliz. Potência perfeita",JBL Boombox 4,Double Date,qualidade,qualidade,positivo,positivo,lexico,qualidade:positivo,True
"Veio certinho, poderia pelo menos vir embalada.",JBL Boombox 4,Double Date,entrega,qualidade,negativo,positivo,lexico,qualidade:positivo,False
Gostei de mais chegou certinho e dentro do prazo recomendo muito!!,JBL Boombox 4,Double Date,entrega,entrega,positivo,positivo,lexico,entrega:positivo,True
"Venda excelente, chegou até antes do tempo, quanto ao produto PERFEITO.",JBL Boombox 4,Double Date,entrega,entrega,positivo,positivo,lexico,entrega:positivo,True
Produto de qualidade 100% original loja top! Com nota fiscal!,JBL Boombox 4,Double Date,qualidade,qualidade,positivo,positivo,lexico,qualidade:positivo,True
"Chegou certinho, so acho que deveria vir em uma embalagem que proporcionasse uma segurança, com lacres..",JBL Boombox 4,Double Date,entrega,entrega,negativo,positivo,bertimbau,entrega:positivo,False
"Som muito potente e de boa qualidade, produto original, vale ressaltar que demorou a enviar e a caixa não veio com nenhuma proteção extra, chegou rasgada, amassada e com os selos soltos, precisa melhorar isso",JBL Boombox 4,Double Date,entrega,qualidade,negativo,neutro,lexico,qualidade:neutro,False
Ótima caixa a melhor que já pode testar,JBL Boombox 4,Double Date,qualidade,qualidade,positivo,positivo,lexico,qualidade:positivo,True
"Tenho a caixa 520, maravilhosa, e essa sem dúvidas top também.",JBL Boombox 4,Double Date,qualidade,qualidade,positivo,positivo,lexico,qualidade:positivo,True
muito linda qualidade absurda da JBL nessa caixa ótimo dms,JBL Boombox 4,Double Date,qualidade,qualidade,positivo,positivo,lexico,qualidade:positivo,True
Produto muito bom,JBL Boombox 4,Double Date,qualidade,qualidade,positivo,positivo,lexico,qualidade:positivo,True
Demorou quase uma semana pra enviar mas chegou no prazo,JBL Boombox 4,Double Date,entrega,entrega,neutro,negativo,lexico,entrega:negativo,False
Caixa top. Conforme o anunciado,JBL Boombox 4,Double Date,qualidade,qualidade,positivo,positivo,bertimbau,qualidade:positivo,True
Recomendo a loja nota 10,JBL Boombox 4,Double Date,qualidade,qualidade,positivo,positivo,lexico,qualidade:positivo,True
"Chegou aberto, o lacre plástico o vendedor tema em enviar a caixa de som sem embala da nisso, ainda não testei",JBL Boombox 4,Double Date,entrega,entrega,negativo,positivo,bertimbau,entrega:positivo,False
Produto top demais só a embalagem deixou muito a desejar teria q ter mais cuidado,JBL Boombox 4,Double Date,entrega,entrega,negativo,positivo,lexico,entrega:positivo,False
"Entregou dentro do prazo, porém a caixa estão colocando objetos pesados encima, rasgando-se a caixa. deveria ter mais cuidado",JBL Boombox 4,Double Date,entrega,entrega,negativo,negativo,bertimbau,entrega:negativo,True
Caixa de excelente qualidade!!!,JBL Boombox 4,Double Date,qualidade,qualidade,positivo,positivo,lexico,qualidade:positivo,True
"a caixa veio aberta sem o lacre da JBL mas no final estava tudo correto, caixa original",JBL Boombox 4,Double Date,qualidade,qualidade,neutro,positivo,lexico,qualidade:positivo,False
"Caixa muito bonita, e entrega rápida.",JBL Boombox 4,Double Date,entrega,entrega,positivo,positivo,lexico,entrega:positivo,True
boombox 4 é show!!,JBL Boombox 4,Double Date,qualidade,qualidade,positivo,positivo,bertimbau,qualidade:positivo,True
"Fiquei decepcionado pois achei que ia abrir a caixa lacrada. E também não veio com a nota fiscal, vou pedir a loja agora mesmo. Pq fiquei com dúvida sobre a integridade do produto",JBL Boombox 4,Double Date,qualidade,qualidade,negativo,negativo,lexico,qualidade:negativo,True
Chegou bem embalado. Tudo certo. Som potente,JBL Boombox 4,Double Date,entrega,entrega,positivo,positivo,lexico,entrega:positivo,True
Chegou rápido muito top,JBL Boombox 4,Double Date,entrega,entrega,positivo,positivo,lexico,entrega:positivo,True
Ótimo produto,JBL Boombox 4,Double Date,qualidade,qualidade,positivo,positivo,lexico,qualidade:positivo,True
"Muito boa, sim ótimo",JBL Boombox 4,Double Date,qualidade,qualidade,positivo,positivo,lexico,qualidade:positivo,True
Muito boa. Maravilha,JBL Boombox 4,Double Date,qualidade,qualidade,positivo,positivo,lexico,qualidade:positivo,True
"A caixa Boombox 4 foi enviada sem nenhum tipo de proteção, veio só na embalagem da própria caixa. Deveria ter mais cuidado com o pedido, principalmente por ser algo que não é barato.",JBL Boombox 4,Double Date,entrega,preço,negativo,negativo,bertimbau,preço:negativo,False
Qualidade sonora com portabilidade!,JBL Boombox 4,Double Date,qualidade,qualidade,positivo,positivo,bertimbau,qualidade:positivo,True
Indico o produto e o vendedor,JBL Boombox 4,Double Date,qualidade,qualidade,positivo,positivo,bertimbau,qualidade:positivo,True
Som veio em perfeito estado! Porém a caixa poderia vim coberta e com selo de frágil... o lacre em cima tava aberto. Mas veio completo!,JBL Boombox 4,Double Date,entrega,qualidade,negativo,neutro,lexico,qualidade:neutro,False
Pode comprar produto muito bom,JBL Boombox 4,Double Date,qualidade,qualidade,positivo,positivo,lexico,qualidade:positivo,True
Bom gostei muito do produto da marca da pra usar perfeitamente gostei muito da loja,JBL Boombox 4,Double Date,qualidade,qualidade,positivo,positivo,lexico,qualidade:positivo,True
"Chegou direitinho, tudo bem embalado, mas faltou a nota fiscal",JBL Boombox 4,Double Date,entrega,entrega,negativo,positivo,lexico,entrega:positivo,False
Ótimos produtos entrega rápida produtos originais so deveria vim com uma proteção na caixa original teve poucas rachadura na caixa mais tranquilo precisa reforçar mais,JBL Boombox 4,Double Date,entrega,qualidade,negativo,positivo,lexico,qualidade:positivo,False
Tudo certo. Produto original. E dessa vez a embalagem veio em boas condições. Mas ainda pregam a etiqueta direto no produto. Poderiam ao menos colocar num saquinho e depois pregar pra não estragar a embalagem.,JBL Boombox 4,Double Date,entrega,qualidade,negativo,positivo,lexico,qualidade:positivo,False
Comunicação péssima com o vendedor a caixa veio danificado porém a caixa é excelente original veio tudo certinho,JBL Boombox 4,Double Date,entrega,qualidade,negativo,positivo,lexico,qualidade:positivo,False
"Chegou no tempo certo, aparentemente em bom estado vou fazer o teste!!",JBL Boombox 4,Double Date,entrega,entrega,positivo,positivo,lexico,entrega:positivo,True
Embalagem veio com os lacres abertos mas com todos os itens em seu interior,JBL Boombox 4,Double Date,entrega,entrega,negativo,positivo,bertimbau,entrega:positivo,False
Chegou rápido adorei caixa maravilhosa e bonita gostei muito msm. maravilhosa a caixa.,JBL Boombox 4,Double Date,entrega,entrega,positivo,positivo,lexico,entrega:positivo,True
"Muito boa, gostei qualidade ótima, veio bem embalado, recomendo",JBL Boombox 4,Double Date,qualidade,entrega,positivo,positivo,lexico,entrega:positivo,False
"Fiquei impressionado com a qualidade do som, já tenho uma Gradiente, mas essa daqui é fora do comum, as duas são muito boas.",JBL Boombox 4,Double Date,qualidade,qualidade,positivo,positivo,lexico,qualidade:positivo,True
"Produto chegou antes do prazo, qualidade e potência JBL.",JBL Boombox 4,Double Date,entrega,entrega,positivo,positivo,lexico,entrega:positivo,True
"De procedência JBL, me surpreendeu muito, fora da tomada tocando tão alto que nem testei na tomada, e ja fiz um teste contra minha outra partybox 110, mais leve e mais alta essa Boombox 4",JBL Boombox 4,Double Date,qualidade,qualidade,positivo,positivo,bertimbau,qualidade:positivo,True
Só precisa vir melhor embalado,JBL Boombox 4,Double Date,entrega,entrega,negativo,positivo,bertimbau,entrega:positivo,False
Top demais. Chegou bem rápido,JBL Boombox 4,Double Date,entrega,entrega,positivo,positivo,lexico,entrega:positivo,True
"Linda demais, som ótimo. Eu amei demais",JBL Boombox 4,Double Date,qualidade,qualidade,positivo,positivo,lexico,qualidade:positivo,True
Muito satisfeita com a compra.. volume ótimo.. qualidade excelente...comprem sem medo,E6S TWS,Double Date,qualidade,qualidade,positivo,positivo,lexico,qualidade:positivo,True
"Produto ótimo, boa qualidade de áudio e bateria com boa capacidade, o mostrador de carga é ótimo, muito fácil de usar, ótimo custo benefício!",E6S TWS,Double Date,preço,qualidade,positivo,positivo,lexico,qualidade:positivo,False
O fone é perfeito e parecido com o anuncio o material é ótimo essa cor é maravilhosa tbm. Não tem o que reclamar eu recomendo super,E6S TWS,Double Date,qualidade,qualidade,positivo,positivo,lexico,qualidade:positivo,True
"Muito bom o produto! O grave do fone é ótimo, volume é bem alto, veio com 80% de bateria, veio com cabo para carregar só que é um pouco pequeno o cabo, mas não é um problema, chegou no prazo certo tudo funcionando.",E6S TWS,Double Date,entrega,qualidade,positivo,positivo,lexico,qualidade:positivo,False
"Boa duração, fofinhos, não ficam com luz acesa quando conectados, som alto e nítido, bateria dura",E6S TWS,Double Date,qualidade,qualidade,positivo,positivo,lexico,qualidade:positivo,True
"Produto de boa qualidade, qualidade do som é alta, e chegou antes do prazo determinado. Além de tudo é confortável, modelo diferente e a cor veio certa. Recomendo o vendedor e o produto",E6S TWS,Double Date,entrega,entrega,positivo,positivo,lexico,entrega:positivo,True
"Produto excelente, chegou antes do prazo! Vale muito a pena, principalmente por conta do preço",E6S TWS,Double Date,preço,entrega,positivo,positivo,lexico,entrega:positivo,False
"amei, som dele é muito alto, gostei bastante, veio bem embalado, chegou bem antes do prazo, podem comprar super recomendo",E6S TWS,Double Date,entrega,entrega,positivo,positivo,lexico,entrega:positivo,True
"Fone perfeito. De boa qualidade, volume alto, chegou antes do previsto. Super recomendo",E6S TWS,Double Date,entrega,entrega,positivo,positivo,lexico,entrega:positivo,True
"Qualidade ótima. Vou comprar novamente, preço maravilhoso, volume bem alto, todos funcionando super bem, vem bem embalados, entrega super rápida",E6S TWS,Double Date,preço,qualidade,positivo,positivo,lexico,qualidade:positivo,False
"Muito bons, qualidade de som muito boa, Bluetooth de ótimo alcance, microfone muito bom, bateria ótima ou seja valor maravilhoso, a loja está de parabéns!",E6S TWS,Double Date,preço,qualidade,positivo,positivo,lexico,qualidade:positivo,False
Lindos fones bluetooth! Ótimo valor melhor loja do aplicativo! O valor é muito bom comparado aos preços absurdos que os vendedores vendem aqui na minha cidade. Recomendo muito a loja choice oficial.,E6S TWS,Double Date,preço,preço,positivo,positivo,lexico,preço:positivo,True
Muito bom ótima qualidade e o prazo de entrega totalmente rápido chegou antes do prazo pode comprar sem medo muito bom testado e aprovado,E6S TWS,Double Date,entrega,entrega,positivo,positivo,lexico,entrega:positivo,True
"Não testei se funciona, mas amei o design e as cores que vieram exatamente como pedi, a loja que enviou no tempo certo e os entregadores que conseguiram entregar antes de prazo. Comprem sem medo.",E6S TWS,Double Date,entrega,entrega,positivo,positivo,lexico,entrega:positivo,True
"O fone é bom! Testei ele por 2 dias, quando chegou fiquei assustada q ele não queria carregar. Porém, Precisa tirar o lacre azul q vem no fone para poder carregar. O Fone em si é mt bom o som dele é bom a bateria dele é boa tbm.",E6S TWS,Double Date,qualidade,qualidade,positivo,positivo,lexico,qualidade:positivo,True
"Produto de muito boa qualidade, ótimo acabamento, cor igual a do anúncio, volume super bom, dura muito a bateria, e é super confortável. Veio muito bem embalado e chegou bem antes do prazo.",E6S TWS,Double Date,qualidade,entrega,positivo,positivo,lexico,entrega:positivo,False
Som alto muito bom ótima qualidade veio com 96 porcento de bateria bem embalado vem com cabo de carregador ótimo amei!!!!!!!,E6S TWS,Double Date,qualidade,qualidade,positivo,positivo,lexico,qualidade:positivo,True
Muito bom! O som é alto e de qualidade. Dá pra ouvir muito bem os graves e médios. Bateria durou umas 2 horas.,E6S TWS,Double Date,qualidade,qualidade,positivo,positivo,lexico,qualidade:positivo,True
"Veio a cor certa que eu pedi, volume bom e entrega rápida, indico pois vale muito o preço e qualidade",E6S TWS,Double Date,preço,preço,positivo,positivo,lexico,preço:positivo,True
"O fone é muito bom, volume alto e pelo preço incrível recomendo",E6S TWS,Double Date,preço,preço,positivo,positivo,lexico,preço:positivo,True
"Muito bom, qualidade, volume, pelo preços é muito bom. Super indico a compra!",E6S TWS,Double Date,preço,preço,positivo,positivo,lexico,preço:positivo,True
"Muito bom, alcança longas distâncias sem travar. Som de boa qualidade e material muito bom também.",E6S TWS,Double Date,qualidade,qualidade,positivo,positivo,lexico,qualidade:positivo,True
O fone é excelente!! Veio com um cabo pra carregar. A qualidade do som é boa e bastante alta (oq foi surpreendente pelo valor pago) recomendo!,E6S TWS,Double Date,preço,qualidade,positivo,positivo,lexico,qualidade:positivo,False
"Foi com certeza uma ótima compra. O fone é lindo, o som é limpo e alto, super valeu o custo benefício e chegou dentro do prazo. Super valeu a pena.",E6S TWS,Double Date,preço,preço,positivo,positivo,lexico,preço:positivo,True
"Veio certinho amei o fone vem com o cabo carregador. Já testei e está funcionando normalmente. Comprei novamente. Recomendo o custo benefício é ótimo pós na minha cidade um desse tá 40,00 reais",E6S TWS,Double Date,preço,preço,positivo,positivo,lexico,preço:positivo,True
"Muito bem embalado, som ótimo, chegou no prazo e ainda veio 100% de bateria. Espero que seja bom",E6S TWS,Double Date,entrega,entrega,positivo,positivo,lexico,entrega:positivo,True
Esses fones são muito bom. Tem o som ótimo. Parabéns a loja e ao entregador também. E com certeza comprei mas.,E6S TWS,Double Date,qualidade,entrega,positivo,positivo,lexico,entrega:positivo,False
Entrega super rápida! Em perfeito funcionamento e bem embalado. Ótimo custo benefício. Boa qualidade de som.,E6S TWS,Double Date,preço,qualidade,positivo,positivo,lexico,qualidade:positivo,False
"Os fones são excelentes, volume bom e entrega rápida.",E6S TWS,Double Date,entrega,entrega,positivo,positivo,lexico,entrega:positivo,True
O fone é muito bom o som é bem forte e chegou rápido,E6S TWS,Double Date,entrega,entrega,positivo,positivo,lexico,entrega:positivo,True
"veio em ótimo estado e com a bateria quase completa. o som é de boa qualidade e bem alto, da pra controlar o volume e a pausa da música pelo fone mesmo isso é ótimo. vou comprar mais!",E6S TWS,Double Date,qualidade,qualidade,positivo,positivo,lexico,qualidade:positivo,True
"O fone é bom, som alto e claro, bateria dura bastante! É um objeto delicado então tem que tomar muito cuidado pra não derrubar no chão, fora isso, amei.",E6S TWS,Double Date,qualidade,qualidade,positivo,positivo,lexico,qualidade:positivo,True
"Recomendo demais! fones bonitos e bons, durabilidade muito boa e vem todos perfeitinhos!",E6S TWS,Double Date,qualidade,qualidade,positivo,positivo,lexico,qualidade:positivo,True
"O fone veio certinho, o som é bom e alto, sem ruídos. Ele veio carregado(80%) e acompanha um cabo USB para carregamento. Gostei bastante, só acho que deveria vir melhor embalado.",E6S TWS,Double Date,entrega,entrega,negativo,positivo,lexico,entrega:positivo,False
"Chegou dentro do prazo. Bem embalado. Funcionando perfeitamente, material bom, fácil manuseio. Vem com o cabo para carregar. Recomendo a compra!",E6S TWS,Double Date,entrega,entrega,positivo,positivo,lexico,entrega:positivo,True
Perfeito. Já veio carregado. Ótimo custo benefício. Funciona bem e não ficou caindo da minha orelha. Vou testar pra correr.,E6S TWS,Double Date,preço,preço,positivo,positivo,lexico,preço:positivo,True
"Muitooo bom, o som é ótimo, bem limpo, o grave e muito bom, é alto, veio funcionando perfeitamente e muito bem embalado. Recomendo e compraria novamente.",E6S TWS,Double Date,qualidade,qualidade,positivo,positivo,lexico,qualidade:positivo,True
"Eu recomendo o produto. Gostei muito dos fones, tem boa duração e o bom som. Tem boa qualidade.",E6S TWS,Double Date,qualidade,qualidade,positivo,positivo,lexico,qualidade:positivo,True
"Ótimo custo-benefício, a bateria dura bastante e o som não é ruim, veio certinho.",E6S TWS,Double Date,preço,preço,positivo,positivo,lexico,preço:positivo,True
"Muito bommm! o audio é perfeito, chegou bem antes do esperado só que não chegou aq em casa tive que buscar nos correios...tirando isso o produto é perfeito!",E6S TWS,Double Date,entrega,entrega,negativo,positivo,lexico,entrega:positivo,False
Muito bom fones podem compra sem medo chega tudo certinho parabéns para o vendedor estão todos de parabéns estão pegando tudo perfeitamente custo muito bom parabéns irei compra mais,E6S TWS,Double Date,preço,preço,positivo,positivo,lexico,preço:positivo,True
"Chegou e testei o produto, os fones estão funcionando normalmente, o volume não muito alto, pelo custo benefício vale muito a pena adquirir o produto.",E6S TWS,Double Date,preço,qualidade,positivo,positivo,lexico,qualidade:positivo,False
"Adorei minha compra! Vale super a pena. O fone veio super bem embalado e ainda veio com bateria para poder testá-lo, funcionando perfeitamente e a cor é linda! Irei comprar mais com certeza",E6S TWS,Double Date,qualidade,qualidade,positivo,positivo,lexico,qualidade:positivo,True
"O fone veio bem embalado e é muito bonito, ele é de um material mt bom e a caixinha é mt segura, a caixinha veio com 100% de batería, ele chegou quase uma semana antes do prazo, vale mtt a pena!!",E6S TWS,Double Date,entrega,entrega,positivo,positivo,lexico,entrega:positivo,True
"Ótimo custo benefício, reduz o som ao redor, altura ótima, super confortável, muito bom, super recomendo",E6S TWS,Double Date,preço,preço,positivo,positivo,lexico,preço:positivo,True
"Muito bom o fone, funcionando perfeitamente, o som também e bom!",E6S TWS,Double Date,qualidade,qualidade,positivo,positivo,lexico,qualidade:positivo,True
"Amei, a cor é linda, veio bem embalado, o som é bem alto e é fácil de mexer, se não conseguirem usar, assistam vídeos, tem vários explicando como usar. Eu amei esse",E6S TWS,Double Date,qualidade,entrega,positivo,positivo,lexico,entrega:positivo,False
"Veio certinho, a qualidade do som fica boa e é bem alto, o detalhe em mostrar a porcentagem de bateria da caixinha é bem interessante.",E6S TWS,Double Date,qualidade,qualidade,positivo,positivo,lexico,qualidade:positivo,True
"Muito bom o produto, chegou antes do prazo e também funciona perfeitamente.",E6S TWS,Double Date,entrega,entrega,positivo,positivo,lexico,entrega:positivo,True
"Entrega rápida, veio em perfeito estado, pelo preço está ótimo.",E6S TWS,Double Date,preço,preço,positivo,positivo,lexico,preço:positivo,True
"Amei o fone! Entregaram antes do prazo. Podem comprar. O som em si é alto, gosto disso.",E6S TWS,Double Date,entrega,entrega,positivo,positivo,lexico,entrega:positivo,True
"Ótimo fone, alta qualidade sonora, graves, agudos e médios, o som contagia, é muito alto mesmo e tem uma ótima qualidade. O vendedor enviou em um dia, e chegou mais de 5 dias antes do prazo de entrega, a única crítica é o cabo dele, deveria ser mais grande, mas pela qualidade do produto por esse valor, está excelente, não tem oque reclamar!!",E6S TWS,Double Date,preço,entrega,positivo,positivo,lexico,entrega:positivo,False
"Chegou super rápido e a qualidade é boa, vale o custo benefício.",E6S TWS,Double Date,preço,preço,positivo,positivo,lexico,preço:positivo,True
"Ameii, o fone chegou antes do prazo, ele é perfeito, além de vim com o cabo USB ele é super alto e carrega muito rápido recomendo demais",E6S TWS,Double Date,entrega,entrega,positivo,positivo,lexico,entrega:positivo,True
"Adorei o fone! Chegou 2 dias antes do prazo de entrega, gostei que veio na cor certa e veio carregado em 100% e o som é bem alto, porém, achei a caixinha do fone meio vagabunda, mas, foi barato então não tem nem como falar nada, mas, mesmo assim, gostei muito do fone.",E6S TWS,Double Date,preço,entrega,positivo,positivo,lexico,entrega:positivo,False
"Muito bom, ótima qualidade, chegou do jeito que pedi e chegou antes do prazo, o volume dele e bom",E6S TWS,Double Date,entrega,entrega,positivo,positivo,lexico,entrega:positivo,True
"Os fones são de ótima qualidade, som muito bom e o fato de existir um counter da bateria ajuda muito!",E6S TWS,Double Date,qualidade,qualidade,positivo,positivo,lexico,qualidade:positivo,True
"Eu amei, veio bem embalado com bateria, o som é bem auto e n vaza o som pra outra pessoa ouvir, vem com o cabo pra carregar também",E6S TWS,Double Date,qualidade,qualidade,positivo,positivo,lexico,qualidade:positivo,True
"Chegou antes do prazo. Gostei bastante, o som é bem alto e não demora muito para carregar, compraria novamente!",E6S TWS,Double Date,entrega,entrega,positivo,positivo,lexico,entrega:positivo,True
"Som bom, não é muito alto. Bluetooth. Não é grandão nem muito pequeno. Para minha orelha, achei grande. Cor viva. Veio um cabo branco, fino USB para conectar no carregador.",E6S TWS,Double Date,qualidade,qualidade,neutro,neutro,lexico,qualidade:neutro,True
"Amei demais a caixa de som, ótima qualidade, loja super confiável sou do estado do Pará, porém muito longe da capital, afuá Pará",JBL Boombox 4,Double Date,qualidade,qualidade,positivo,positivo,lexico,qualidade:positivo,True
"Ótima caixa, chegou no prazo ela é potente original",JBL Boombox 4,Double Date,entrega,entrega,positivo,positivo,lexico,entrega:positivo,True
"A caixa é bonita, toca muito bem, ainda depois da atualização que ela ficou melhor ainda.",JBL Boombox 4,Double Date,qualidade,qualidade,positivo,positivo,lexico,qualidade:positivo,True
"Super satisfeita com a qualidade do som. Produto ótimo, original, podem comprar sem medo de ser feliz. Potência perfeita",JBL Boombox 4,Double Date,qualidade,qualidade,positivo,positivo,lexico,qualidade:positivo,True
Gostei de mais chegou certinho e dentro do prazo recomendo muito!!,JBL Boombox 4,Double Date,entrega,entrega,positivo,positivo,lexico,entrega:positivo,True
"Venda excelente, chegou até antes do tempo, quanto ao produto PERFEITO.",JBL Boombox 4,Double Date,entrega,entrega,positivo,positivo,lexico,entrega:positivo,True
Produto de qualidade 100% original loja top! Com nota fiscal!,JBL Boombox 4,Double Date,qualidade,qualidade,positivo,positivo,lexico,qualidade:positivo,True
Ótima caixa a melhor que já pode testar,JBL Boombox 4,Double Date,qualidade,qualidade,positivo,positivo,lexico,qualidade:positivo,True
"Tenho a caixa 520, maravilhosa, e essa sem dúvidas top também.",JBL Boombox 4,Double Date,qualidade,qualidade,positivo,positivo,lexico,qualidade:positivo,True
muito linda qualidade absurda da JBL nessa caixa ótimo dms,JBL Boombox 4,Double Date,qualidade,qualidade,positivo,positivo,lexico,qualidade:positivo,True
Produto muito bom,JBL Boombox 4,Double Date,qualidade,qualidade,positivo,positivo,lexico,qualidade:positivo,True
Demorou quase uma semana pra enviar mas chegou no prazo,JBL Boombox 4,Double Date,entrega,entrega,neutro,negativo,lexico,entrega:negativo,False
Caixa top. Conforme o anunciado,JBL Boombox 4,Double Date,qualidade,qualidade,positivo,positivo,bertimbau,qualidade:positivo,True
Caixa de excelente qualidade!!!,JBL Boombox 4,Double Date,qualidade,qualidade,positivo,positivo,lexico,qualidade:positivo,True
"a caixa veio aberta sem o lacre da JBL mas no final estava tudo correto, caixa original",JBL Boombox 4,Double Date,qualidade,qualidade,neutro,positivo,lexico,qualidade:positivo,False
"Caixa muito bonita, e entrega rápida.",JBL Boombox 4,Double Date,entrega,entrega,positivo,positivo,lexico,entrega:positivo,True
boombox 4 é show!!,JBL Boombox 4,Double Date,qualidade,qualidade,positivo,positivo,bertimbau,qualidade:positivo,True
"Fiquei decepcionado pois achei que ia abrir a caixa lacrada. E também não veio com a nota fiscal, vou pedir a loja agora mesmo. Pq fiquei com dúvida sobre a integridade do produto",JBL Boombox 4,Double Date,qualidade,qualidade,negativo,negativo,lexico,qualidade:negativo,True
Chegou bem embalado. Tudo certo. Som potente,JBL Boombox 4,Double Date,qualidade,entrega,positivo,positivo,lexico,entrega:positivo,False
Chegou rápido muito top,JBL Boombox 4,Double Date,entrega,entrega,positivo,positivo,lexico,entrega:positivo,True
Ótimo produto,JBL Boombox 4,Double Date,qualidade,qualidade,positivo,positivo,lexico,qualidade:positivo,True
"Muito boa, sim ótimo",JBL Boombox 4,Double Date,qualidade,qualidade,positivo,positivo,lexico,qualidade:positivo,True
Muito boa. Maravilha,JBL Boombox 4,Double Date,qualidade,qualidade,positivo,positivo,lexico,qualidade:positivo,True
Qualidade sonora com portabilidade!,JBL Boombox 4,Double Date,qualidade,qualidade,positivo,positivo,bertimbau,qualidade:positivo,True
Pode comprar produto muito bom,JBL Boombox 4,Double Date,qualidade,qualidade,positivo,positivo,lexico,qualidade:positivo,True
Bom gostei muito do produto da marca da pra usar perfeitamente gostei muito da loja,JBL Boombox 4,Double Date,qualidade,qualidade,positivo,positivo,lexico,qualidade:positivo,True
"Chegou direitinho, tudo bem embalado, mas faltou a nota fiscal",JBL Boombox 4,Double Date,qualidade,entrega,neutro,positivo,lexico,entrega:positivo,False
"Chegou no tempo certo, aparentemente em bom estado vou fazer o teste!!",JBL Boombox 4,Double Date,entrega,entrega,positivo,positivo,lexico,entrega:positivo,True
Chegou rápido adorei caixa maravilhosa e bonita gostei muito msm. maravilhosa a caixa.,JBL Boombox 4,Double Date,qualidade,entrega,positivo,positivo,lexico,entrega:positivo,False
"Muito boa, gostei qualidade ótima, veio bem embalado, recomendo",JBL Boombox 4,Double Date,qualidade,entrega,positivo,positivo,lexico,entrega:positivo,False
O fone é perfeito e parecido com o anuncio o material é ótimo essa cor é maravilhosa tbm. Não tem o que reclamar eu recomendo super,E6S TWS Bluetooth,Double Date,qualidade,qualidade,positivo,positivo,lexico,qualidade:positivo,True
"Muito bom o produto! O grave do fone é ótimo, volume é bem alto, veio com 80% de bateria, veio com cabo para carregar só que é um pouco pequeno o cabo, mas não é um problema, chegou no prazo certo tudo funcionando.",E6S TWS Bluetooth,Double Date,qualidade,qualidade,positivo,positivo,lexico,qualidade:positivo,True
"Boa duração, fofinhos, não ficam com luz acesa quando conectados, som alto e nítido, bateria dura",E6S TWS Bluetooth,Double Date,qualidade,qualidade,positivo,positivo,lexico,qualidade:positivo,True
"Produto de boa qualidade, qualidade do som é alta, e chegou antes do prazo determinado. Além de tudo é confortável, modelo diferente e a cor veio certa. Recomendo o vendedor e o produto",E6S TWS Bluetooth,Double Date,qualidade,entrega,positivo,positivo,lexico,entrega:positivo,False
"Produto excelente, chegou antes do prazo! Vale muito a pena, principalmente por conta do preço",E6S TWS Bluetooth,Double Date,preço,entrega,positivo,positivo,lexico,entrega:positivo,False
"amei, som dele é muito alto, gostei bastante, veio bem embalado, chegou bem antes do prazo, podem comprar super recomendo",E6S TWS Bluetooth,Double Date,entrega,entrega,positivo,positivo,lexico,entrega:positivo,True
"Fone perfeito. De boa qualidade, volume alto, chegou antes do previsto. Super recomendo",E6S TWS Bluetooth,Double Date,qualidade,entrega,positivo,positivo,lexico,entrega:positivo,False
"Qualidade ótima. Vou comprar novamente, preço maravilhoso, volume bem alto, todos funcionando super bem, vem bem embalados, entrega super rápida",E6S TWS Bluetooth,Double Date,preço,qualidade,positivo,positivo,lexico,qualidade:positivo,False
"Muito bons, qualidade de som muito boa, Bluetooth de ótimo alcance, microfone muito bom, bateria ótima ou seja valor maravilhoso, a loja está de parabéns!",E6S TWS Bluetooth,Double Date,qualidade,qualidade,positivo,positivo,lexico,qualidade:positivo,True
Lindos fones bluetooth! Ótimo valor melhor loja do aplicativo!,E6S TWS Bluetooth,Double Date,preço,preço,positivo,positivo,lexico,preço:positivo,True
Muito bom ótima qualidade e o prazo de entrega totalmente rápido chegou antes do prazo pode comprar sem medo muito bom testado e aprovado,E6S TWS Bluetooth,Double Date,entrega,entrega,positivo,positivo,lexico,entrega:positivo,True
"Não testei se funciona, mas amei o design e as cores que vieram exatamente como pedi, a loja que enviou no tempo certo e os entregadores que conseguiram entregar antes de prazo. Comprem sem medo.",E6S TWS Bluetooth,Double Date,entrega,entrega,positivo,positivo,lexico,entrega:positivo,True
"O fone é bom! Testei ele por 2 dias, quando chegou fiquei assustada q ele não queria carregar. Porém, Precisa tirar o lacre azul q vem no fone para poder carregar. O Fone em si é mt bom o som dele é bom a bateria dele é boa tbm.",E6S TWS Bluetooth,Double Date,qualidade,qualidade,positivo,positivo,lexico,qualidade:positivo,True
"Produto de muito boa qualidade, ótimo acabamento, cor igual a do anúncio, volume super bom, dura muito a bateria, e é super confortável. Veio muito bem embalado e chegou bem antes do prazo.",E6S TWS Bluetooth,Double Date,qualidade,entrega,positivo,positivo,lexico,entrega:positivo,False
Som alto muito bom ótima qualidade veio com 96 porcento de bateria bem embalado vem com cabo de carregador ótimo amei!!!!!!!,E6S TWS Bluetooth,Double Date,qualidade,qualidade,positivo,positivo,lexico,qualidade:positivo,True
Muito bom! O som é alto e de qualidade. Dá pra ouvir muito bem os graves e médios. Bateria durou umas 2 horas.,E6S TWS Bluetooth,Double Date,qualidade,qualidade,positivo,positivo,lexico,qualidade:positivo,True
"Veio a cor certa que eu pedi, volume bom e entrega rápida, indico pois vale muito o preço e qualidade",E6S TWS Bluetooth,Double Date,preço,preço,positivo,positivo,lexico,preço:positivo,True
"O fone é muito bom, volume alto e pelo preço incrível recomendo",E6S TWS Bluetooth,Double Date,preço,preço,positivo,positivo,lexico,preço:positivo,True
"Muito bom, qualidade, volume, pelo preços é muito bom. Super indico a compra!",E6S TWS Bluetooth,Double Date,preço,preço,positivo,positivo,lexico,preço:positivo,True
"Muito bom, alcança longas distâncias sem travar. Som de boa qualidade e material muito bom também.",E6S TWS Bluetooth,Double Date,qualidade,qualidade,positivo,positivo,lexico,qualidade:positivo,True
O fone é excelente!! Veio com um cabo pra carregar. A qualidade do som é boa e bastante alta recomendo!,E6S TWS Bluetooth,Double Date,qualidade,qualidade,positivo,positivo,lexico,qualidade:positivo,True
"Foi com certeza uma ótima compra. O fone é lindo, o som é limpo e alto, super valeu o custo benefício e chegou dentro do prazo.",E6S TWS Bluetooth,Double Date,preço,preço,positivo,positivo,lexico,preço:positivo,True
Veio certinho amei o fone vem com o cabo carregador. Já testei e está funcionando normalmente. Recomendo o custo benefício é ótimo,E6S TWS Bluetooth,Double Date,preço,preço,positivo,positivo,lexico,preço:positivo,True
"Muito bem embalado, som ótimo, chegou no prazo e ainda veio 100% de bateria.",E6S TWS Bluetooth,Double Date,qualidade,entrega,positivo,positivo,lexico,entrega:positivo,False
Esses fones são muito bom. Tem o som ótimo. Parabéns a loja e ao entregador também.,E6S TWS Bluetooth,Double Date,qualidade,entrega,positivo,positivo,lexico,entrega:positivo,False
Entrega super rápida! Em perfeito funcionamento e bem embalado. Ótimo custo benefício.,E6S TWS Bluetooth,Double Date,entrega,preço,positivo,positivo,lexico,preço:positivo,False
"Os fones são excelentes, volume bom e entrega rápida.",E6S TWS Bluetooth,Double Date,qualidade,entrega,positivo,positivo,lexico,entrega:positivo,False
O fone é muito bom o som é bem forte e chegou rápido,E6S TWS Bluetooth,Double Date,qualidade,entrega,positivo,positivo,lexico,entrega:positivo,False
veio em ótimo estado e com a bateria quase completa. o som é de boa qualidade e bem alto. vou comprar mais!,E6S TWS Bluetooth,Double Date,qualidade,qualidade,positivo,positivo,lexico,qualidade:positivo,True
"O fone é bom, som alto e claro, bateria dura bastante! É um objeto delicado então tem que tomar muito cuidado pra não derrubar no chão, fora isso, amei.",E6S TWS Bluetooth,Double Date,qualidade,qualidade,positivo,positivo,lexico,qualidade:positivo,True
"Recomendo demais! fones bonitos e bons, durabilidade muito boa e vem todos perfeitinhos!",E6S TWS Bluetooth,Double Date,qualidade,qualidade,positivo,positivo,lexico,qualidade:positivo,True
"Chegou dentro do prazo. Bem embalado. Funcionando perfeitamente, material bom, fácil manuseio. Recomendo a compra!",E6S TWS Bluetooth,Double Date,entrega,entrega,positivo,positivo,lexico,entrega:positivo,True
Perfeito. Já veio carregado. Ótimo custo benefício. Funciona bem.,E6S TWS Bluetooth,Double Date,preço,preço,positivo,positivo,lexico,preço:positivo,True
"Muitooo bom, o som é ótimo, bem limpo, o grave e muito bom, é alto, veio funcionando perfeitamente e muito bem embalado. Recomendo e compraria novamente.",E6S TWS Bluetooth,Double Date,qualidade,qualidade,positivo,positivo,lexico,qualidade:positivo,True
"Eu recomendo o produto. Gostei muito dos fones, tem boa duração e o bom som.",E6S TWS Bluetooth,Double Date,qualidade,qualidade,positivo,positivo,lexico,qualidade:positivo,True
"Ótimo custo-benefício, a bateria dura bastante e o som não é ruim, veio certinho.",E6S TWS Bluetooth,Double Date,preço,preço,positivo,positivo,lexico,preço:positivo,True
"Muito bommm! o audio é perfeito, chegou bem antes do esperado só que não chegou em casa tive que buscar nos correios...tirando isso o produto é perfeito!",E6S TWS Bluetooth,Double Date,entrega,entrega,neutro,positivo,lexico,entrega:positivo,False
Muito bom fones podem compra sem medo chega tudo certinho parabéns para o vendedor,E6S TWS Bluetooth,Double Date,qualidade,qualidade,positivo,positivo,lexico,qualidade:positivo,True
"Chegou e testei o produto, os fones estão funcionando normalmente, o volume não muito alto, pelo custo benefício vale muito a pena adquirir o produto.",E6S TWS Bluetooth,Double Date,preço,qualidade,positivo,positivo,lexico,qualidade:positivo,False
"Adorei minha compra! Vale super a pena. O fone veio super bem embalado e ainda veio com bateria para poder testá-lo, funcionando perfeitamente e a cor é linda!",E6S TWS Bluetooth,Double Date,qualidade,qualidade,positivo,positivo,lexico,qualidade:positivo,True
"O fone veio bem embalado e é muito bonito, ele é de um material mt bom e a caixinha é mt segura, chegou quase uma semana antes do prazo, vale mtt a pena!!",E6S TWS Bluetooth,Double Date,entrega,entrega,positivo,positivo,lexico,entrega:positivo,True
"Ótimo custo benefício, reduz o som ao redor, altura ótima, super confortável, muito bom, super recomendo",E6S TWS Bluetooth,Double Date,preço,preço,positivo,positivo,lexico,preço:positivo,True
"Muito bom o fone, funcionando perfeitamente, o som também e bom!",E6S TWS Bluetooth,Double Date,qualidade,qualidade,positivo,positivo,lexico,qualidade:positivo,True
"Amei, a cor é linda, veio bem embalado, o som é bem alto e é fácil de mexer",E6S TWS Bluetooth,Double Date,qualidade,entrega,positivo,positivo,lexico,entrega:positivo,False
"Veio certinho, a qualidade do som fica boa e é bem alto, o detalhe em mostrar a porcentagem de bateria da caixinha é bem interessante.",E6S TWS Bluetooth,Double Date,qualidade,qualidade,positivo,positivo,lexico,qualidade:positivo,True
"Muito bom o produto, chegou antes do prazo e também funciona perfeitamente.",E6S TWS Bluetooth,Double Date,entrega,entrega,positivo,positivo,lexico,entrega:positivo,True
"Entrega rápida, veio em perfeito estado, pelo preço está ótimo.",E6S TWS Bluetooth,Double Date,preço,preço,positivo,positivo,lexico,preço:positivo,True
"Amei o fone! Entregaram antes do prazo. Podem comprar. O som em si é alto, gosto disso.",E6S TWS Bluetooth,Double Date,entrega,entrega,positivo,positivo,lexico,entrega:positivo,True
"Ótimo fone, alta qualidade sonora, o vendedor enviou em um dia, chegou mais de 5 dias antes do prazo, a única crítica é o cabo dele, deveria ser mais grande, mas pela qualidade do produto por esse valor, está excelente!",E6S TWS Bluetooth,Double Date,qualidade,entrega,neutro,positivo,lexico,entrega:positivo,False
"Chegou super rápido e a qualidade é boa, vale o custo benefício.",E6S TWS Bluetooth,Double Date,preço,preço,positivo,positivo,lexico,preço:positivo,True
"Ameii, o fone chegou antes do prazo, ele é perfeito, além de vim com o cabo USB ele é super alto e carrega muito rápido recomendo demais",E6S TWS Bluetooth,Double Date,entrega,entrega,positivo,positivo,lexico,entrega:positivo,True
"Adorei o fone! Chegou 2 dias antes do prazo de entrega, gostei que veio na cor certa e veio carregado em 100% e o som é bem alto, porém, achei a caixinha do fone meio vagabunda, mas, foi barato então não tem nem como falar nada",E6S TWS Bluetooth,Double Date,preço,entrega,neutro,positivo,lexico,entrega:positivo,False
"Muito bom, ótima qualidade, chegou do jeito que pedi e chegou antes do prazo, o volume dele e bom",E6S TWS Bluetooth,Double Date,qualidade,entrega,positivo,positivo,lexico,entrega:positivo,False
"Os fones são de ótima qualidade, som muito bom e o fato de existir um counter da bateria ajuda muito!",E6S TWS Bluetooth,Double Date,qualidade,qualidade,positivo,positivo,lexico,qualidade:positivo,True
"Eu amei, veio bem embalado com bateria, o som é bem auto e n vaza o som pra outra pessoa ouvir, vem com o cabo pra carregar também",E6S TWS Bluetooth,Double Date,qualidade,qualidade,positivo,positivo,lexico,qualidade:positivo,True
"Chegou antes do prazo. Gostei bastante, o som é bem alto e não demora muito para carregar, compraria novamente!",E6S TWS Bluetooth,Double Date,entrega,entrega,positivo,positivo,lexico,entrega:positivo,True
"Som bom, não é muito alto. Bluetooth. Não é grandão nem muito pequeno. Para minha orelha, achei grande. Cor viva. Veio um cabo branco, fino USB para conectar no carregador.",E6S TWS Bluetooth,Double Date,qualidade,qualidade,neutro,neutro,lexico,qualidade:neutro,True
"O videogame está funcionando perfeitamente gostei muito do videogame valeu. O jogo não gostei, mas eu vi que era aleatório. O controle do vídeo game veio com um defeito nos 2 botões de start e select",PS4 Slim,Double Date,qualidade,qualidade,negativo,neutro,lexico,qualidade:neutro,False
"O vendedor enviou bem rápido, só que estava falando que é de 1tb. Só que não o vendedor mandou um a HD, tive um pouco de problema com o controle.",PS4 Slim,Double Date,qualidade,entrega,negativo,positivo,lexico,entrega:positivo,False
"O console está rodando o game bem, os controles está ótimo, ele esquenta um pouco mas faz um barulho mas não incomoda tanto, meu problema com o produto foram é que as entradas dos cabos vieram sujas, os controles vierem sem nenhum tipo de proteção, além do console vim com uns arranhões e um problema no plástico de um dos controles, mas nada que intervirá na experiência",PS4 Slim,Double Date,qualidade,qualidade,neutro,neutro,lexico,qualidade:neutro,True
"Ele chegou antes do prazo, testei o jogo que veio mas depois que estava jogando apareceu que o jogo estava com problema. Mas o ps4 parece estar ótimo.",PS4 Slim,Double Date,qualidade,entrega,neutro,positivo,lexico,entrega:positivo,False
"Produto em perfeito estado, funcionando perfeitamente, adorei o controle porem o touchpad não funciona, parabéns para o vendedor.",PS4 Slim,Double Date,qualidade,qualidade,negativo,positivo,lexico,qualidade:positivo,False
"Muito bom, veio jogo, só n dou 5 estrela, pq na descrição dis q vem a caixa do vídeo game. E não veio, e tbm o jogo veio com o CD dentro do console, e n veio a própria capinha, coisa q ainda n tenho, mais é muito bom, e está pegando normalmente",PS4 Slim,Double Date,qualidade,qualidade,neutro,positivo,lexico,qualidade:positivo,False
Chegou super rápido porém um dos controles não funciona e o HD e externo,PS4 Slim,Double Date,qualidade,entrega,negativo,positivo,lexico,entrega:positivo,False
"O video game chegou e super aprovado, só demorou um pouquinho pra ser postado, mais nada demais",PS4 Slim,Double Date,entrega,entrega,neutro,negativo,lexico,entrega:negativo,False
Somente 1 controle nao veio carregando e o cabo de alimentação veio trocado. Estou aguardando a resposta do vendedor no WhatsApp,PS4 Slim,Double Date,qualidade,qualidade,negativo,negativo,bertimbau,qualidade:negativo,True
"Chegou bastante atrasado, está em ótimo estado, porém, só tenho a reclamar da entrega, já faz quase 2 meses",PS4 Slim,Double Date,entrega,entrega,negativo,neutro,lexico,entrega:neutro,False
"Veio muito bem embalado porém muito amassado e furado mas acho que deve ter sido na transportação, está funcionando muito bem até agora né porém está esquentando muito e fazendo muito barulho acho que não foi feita a troca da pasta térmica e mas é um ótimo produto recomendo",PS4 Slim,Double Date,qualidade,qualidade,neutro,positivo,lexico,qualidade:positivo,False
"O console funciona bem, o problema foram os cabos, hdmi e de carregar o controle não funcionaram, precisei comprar novos.",PS4 Slim,Double Date,qualidade,qualidade,negativo,negativo,bertimbau,qualidade:negativo,True
"Video game muito bom, demourou um puco mas chegou tudo certinho RECOMENDO",PS4 Slim,Double Date,entrega,entrega,neutro,positivo,lexico,entrega:positivo,False
Gostei da compra mais não vem com a memória mencionada vem apenas 400 GB de memória,PS4 Slim,Double Date,qualidade,qualidade,negativo,positivo,lexico,qualidade:positivo,False
Game conservado tudo funcionando só não veio jogo q vendedor falou q mandaria,PS4 Slim,Double Date,qualidade,qualidade,negativo,positivo,bertimbau,qualidade:positivo,False
"O console veio em perfeito estado, pegando tudo direitinho bem conservado, bem limpinho e super silencioso, mas ele não veio com cabo de carregamento do controle, e sim de iPhone e o jogo que veio sem a capa, por isso estou dando 4 estrelas.",PS4 Slim,Double Date,qualidade,qualidade,neutro,positivo,lexico,qualidade:positivo,False
Gostei sim do vídeo game so que ficou faltando o cabo hdmi.,PS4 Slim,Double Date,qualidade,qualidade,negativo,neutro,lexico,qualidade:neutro,False
"Tudo ok. Veio tudo como prometido, menos o jogo que aparecia no anúncio. Porém é um produto excelente. Recomendo",PS4 Slim,Double Date,qualidade,qualidade,neutro,positivo,lexico,qualidade:positivo,False
"Qualidade bom, os controles não são Tão bom um não carrega mas o outro funciona. Conservação: estava limpo quando recebi",PS4 Slim,Double Date,qualidade,qualidade,negativo,positivo,lexico,qualidade:positivo,False
"Funciona muito bem. Poucas marcas de uso. Um ponto negativo foi o controle que ficava desconectado. E só funciona pelo cabo. Mas basta comprar um cabo original para resolver, 8/10",PS4 Slim,Double Date,qualidade,qualidade,neutro,positivo,lexico,qualidade:positivo,False
"Ótimo produto, seminovo, o problema é que veio um pouco sujo",PS4 Slim,Double Date,qualidade,qualidade,neutro,neutro,lexico,qualidade:neutro,True
"Cabo da manete veio com defeito. Fora isso td perfeito, aparelho novíssimo",PS4 Slim,Double Date,qualidade,qualidade,negativo,neutro,lexico,qualidade:neutro,False
O controle não era original e ainda veio com o cabo ruim. Mas o console roda muito bem.,PS4 Slim,Double Date,qualidade,qualidade,neutro,neutro,lexico,qualidade:neutro,True
"Play station estava certinho, mais infelizmente o jogo que mandaram não veio funcionando",PS4 Slim,Double Date,qualidade,qualidade,negativo,positivo,lexico,qualidade:positivo,False
os controles vieram um original e o outro paralelo. e o original veio com defeito no botão.,PS4 Slim,Double Date,qualidade,qualidade,negativo,neutro,lexico,qualidade:neutro,False
"Chegou tudo certinho, mas o controle veio arranhado, o console com algumas marcas.",PS4 Slim,Double Date,qualidade,entrega,negativo,negativo,bertimbau,entrega:negativo,False
"Demorou um pouco para enviar, mais chegou tudo certo, irei testar",PS4 Slim,Double Date,entrega,entrega,neutro,negativo,lexico,entrega:negativo,False
"Muito bom, mas o problema e q veio com 500gb e no anúncio dis 1tb",PS4 Slim,Double Date,qualidade,qualidade,negativo,positivo,lexico,qualidade:positivo,False
"o 1 tb não é original do vídeo game, vem com um HD externo",PS4 Slim,Double Date,qualidade,qualidade,negativo,neutro,lexico,qualidade:neutro,False
Funciona normalmente. Mais os controles nao são bons.,PS4 Slim,Double Date,qualidade,qualidade,negativo,neutro,lexico,qualidade:neutro,False
1 controle é pirata,PS4 Slim,Double Date,qualidade,qualidade,negativo,negativo,bertimbau,qualidade:negativo,True
Veio tudo certo só um controle que não tá funcionando e não é original Só por isso eu dei 4 estrela mais chegou tudo certinho o play tá ótimo,PS4 Slim,Double Date,qualidade,qualidade,negativo,positivo,lexico,qualidade:positivo,False
Cabo para carregar o controle está com defeito ou controle vou ver,PS4 Slim,Double Date,qualidade,qualidade,negativo,negativo,lexico,qualidade:negativo,True
Tudo muito bem embalado bem protegido funcionando normal a entrega foi rápida entregaram tudo que prometeram só o HD que veio com uma mancha mas creio que isso não interferir nada,PS4 Slim,Double Date,qualidade,entrega,neutro,positivo,lexico,entrega:positivo,False
"Chegou no prazo, Porém no anúncio disse que era de 1T, mas é só de 500 GB e um HD de 500 GB. Sobre o jogo é razoável, mas tinha feito um pedido, mas ok, vou jogar e testar..",PS4 Slim,Double Date,qualidade,entrega,negativo,neutro,lexico,entrega:neutro,False
"Tudo bem embalado, menos o jogo, mal embalado e danificado, limpei o disco mas não adiantou, não deu certo, fora isso tudo certo",PS4 Slim,Double Date,qualidade,entrega,negativo,positivo,lexico,entrega:positivo,False
"Chegou tudo quase certo, console muito novo e bonito, mais infelizmente um dos controles não está funcionando, mais de resto está ok!",PS4 Slim,Double Date,qualidade,qualidade,negativo,positivo,lexico,qualidade:positivo,False
"Ótima qualidade, controle descarrega rápido mas parece iPhone de tanto que descarrega. Conservação estava ótimo",PS4 Slim,Double Date,qualidade,entrega,neutro,positivo,lexico,entrega:positivo,False
"Estamos adorando no primeiro PS!! veio completamente protegido e tudo está em bom estado e bem conservado. Ponto negativo: veio com o cabo de alimentação errado, então foi comprado o cabo certo. Indico!",PS4 Slim,Double Date,qualidade,qualidade,neutro,neutro,lexico,qualidade:neutro,True
"O produto chegou antes do prazo só veio com as marcas de uso mas está funcionando. Uma pena que não consegui jogar o jogo, o CD veio sujo e com arranhões. Eu recomendo estou feliz pela minha nova aquisição",PS4 Slim,Double Date,qualidade,entrega,neutro,positivo,lexico,entrega:positivo,False
Tem 1 semana que comprei e até o momento está funcionando perfeitamente. O vendedor não deixou claro que era 500gb do próprio console e 500gb de um HD externo. O leitor as vezes não lê o CD de primeira. No geral valeu a pena a compra.,PS4 Slim,Double Date,qualidade,qualidade,neutro,positivo,lexico,qualidade:positivo,False
Comprei pra dar de presente testamos ontem está funcionando direitinho,PS4 Slim,Double Date,qualidade,qualidade,positivo,positivo,bertimbau,qualidade:positivo,True
"Essa é uma edição, o produto chegou rápido, porém dos itens somente os cabos estavam funcionando, após alguns dias o controle parou e o ps4 estava com HD corrompido, o controle não carrega e nem funciona msm a cabo",PS4 Slim,Double Date,qualidade,qualidade,negativo,positivo,lexico,qualidade:positivo,False
O ps4 parou de funcionar,PS4 Slim,Double Date,qualidade,qualidade,negativo,negativo,lexico,qualidade:negativo,True
"Produto: Item com defeito/danificado. Essa compra é um misto de sensações. atendimento da loja totalmente seco. Foi um sacrifício pra me enviar o jogo que pedi. Quando o jogo chegou, veio em um plastiquinho. Não vem com a caixa do PS4, e o controle e o videogame vem com várias marcas de uso grosseiros. o vídeo game terei que desembolsar mais de 500 reais pra arrumar o leitor de disco. Veio com o controle com vício na bateria.",PS4 Slim,Double Date,qualidade,qualidade,negativo,negativo,lexico,qualidade:negativo,True
"O jogo não quer rodar no vídeo game, o vídeo game veio numa caixa que não era compatível há caixa do playstation 4, o cd veio em um plástico, horrível.",PS4 Slim,Double Date,qualidade,qualidade,negativo,negativo,lexico,qualidade:negativo,True
"Anúncio enganoso, Ps4 não é de 1TB e sim 500GB, controle veio com problema, vários comentários descrevendo o mesmo problema, não comprem nessa loja, anúncio enganoso.",PS4 Slim,Double Date,qualidade,qualidade,negativo,negativo,bertimbau,qualidade:negativo,True
"Infelizmente me mandaram um ps4 com 408,5 gb de armazenamento e jogo errado",PS4 Slim,Double Date,qualidade,qualidade,negativo,neutro,lexico,qualidade:neutro,False
Galera até chegou mas não indico nenhum pouco tem uma semana de uso já está no modo de segurança sendo sincero foi o pior produto q já comprei na shopee. Muito decepcionado msm vendo muitas avaliações positivas fui o sortudo de pegar o produto sucateado. *NAO COMPREM* *NAO COMPREM* *NAO COMPREM*,PS4 Slim,Double Date,qualidade,entrega,negativo,negativo,lexico,entrega:negativo,False
"NÃO CAIAM NO GOLPE DE COMPRAR NESSA LOJA!!!! O CONSOLE ESTAVA CHEIO DE MARCA DE ÁGUA, TIVE QUE PAGAR CARO PRA CONSERTAR. Nenhum controle tá conectando e o controle que veio tá com defeito e não carrega.",PS4 Slim,Double Date,qualidade,preço,negativo,negativo,lexico,preço:negativo,False
"Veio sem o sistema estalado, e um controle com defeito no áudio. voltei pra dizer, que pelo menos no meu eles não limparam, não fizeram o preventivo também.",PS4 Slim,Double Date,qualidade,qualidade,negativo,negativo,lexico,qualidade:negativo,True
Eu não tive sorte infelizmente o meu veio bugado e controle não funcionando,PS4 Slim,Double Date,qualidade,qualidade,negativo,positivo,lexico,qualidade:positivo,False
"Testei o produto e está dando muitos defeitos, tanto no HD quanto em processamento de jogo em tudo e consegui gravar e tirar fotos pra comprovar, preciso fazer a devolução!",PS4 Slim,Double Date,qualidade,qualidade,negativo,negativo,lexico,qualidade:negativo,True
"Não veio na caixa do PlayStation 4. Veio em uma caixa aleatória. A placa de internet não funciona, ainda veio uma versão dourada ridícula",PS4 Slim,Double Date,qualidade,qualidade,negativo,negativo,bertimbau,qualidade:negativo,True
"Não comprem antes de se informar, é usado, não recomendo",PS4 Slim,Double Date,qualidade,qualidade,negativo,neutro,lexico,qualidade:neutro,False
Não gostei veio com a parte de cima quebrado,PS4 Slim,Double Date,qualidade,qualidade,negativo,negativo,lexico,qualidade:negativo,True
"Achei uma falta de responsabilidade com o consumidor, me realizei a compra de 1tera me mandar 1 de 500gb",PS4 Slim,Double Date,qualidade,qualidade,negativo,negativo,bertimbau,qualidade:negativo,True
O produto parrou de funcionar com dois dias de uso envio mensagem mas ainda aguardando um retorno com o endereço de envio para a garantia,PS4 Slim,Double Date,qualidade,qualidade,negativo,negativo,bertimbau,qualidade:negativo,True
Não gostei muito do PlayStation já que ele veio com HD corrompido,PS4 Slim,Double Date,qualidade,qualidade,negativo,neutro,lexico,qualidade:neutro,False
O produto veio quebrado sendo que eu paguei um valor de 1.900 reais. Não aconselho vocês a comprar nessa empresa eles não fala a verdade. Gente não recomendo vocês comprar produto sem saber qual o motivo da venda.,PS4 Slim,Double Date,qualidade,preço,negativo,negativo,lexico,preço:negativo,False
"O produto veio com defeito de HD corrompido e com o leitor danificado, o chat também só me enrola não quer me dar a garantia estou aq reclamando com desgosto porque desde que chegou no primeiro dia já estava lendo e travando quero minha garantia pois o produto chegou danificado",PS4 Slim,Double Date,qualidade,qualidade,negativo,negativo,lexico,qualidade:negativo,True
"Produto: Baixa qualidade. Não comprem antes de se informar, é usado, não recomendo",PS4 Slim,Double Date,qualidade,qualidade,negativo,neutro,lexico,qualidade:neutro,False
Produto: Item com defeito/danificado,PS4 Slim,Double Date,qualidade,qualidade,negativo,negativo,lexico,qualidade:negativo,True
Produto: Item com defeito/danificado,PS4 Slim,Double Date,qualidade,qualidade,negativo,negativo,lexico,qualidade:negativo,True
um controle não carregava e o outro dois dias parou de funcionar. Produto: Item com defeito/danificado,PS4 Slim,Double Date,qualidade,qualidade,negativo,negativo,lexico,qualidade:negativo,True
Item com marcas e sugeiras tipo oleo da pele ou suor na manete,PS4 Slim,Double Date,qualidade,qualidade,negativo,negativo,bertimbau,qualidade:negativo,True
Eu comprei com a opção d 2 controles mas só 1 esta funcionando,PS4 Slim,Double Date,qualidade,qualidade,negativo,negativo,bertimbau,qualidade:negativo,True
1 dos controles veio quebrado,PS4 Slim,Double Date,qualidade,qualidade,negativo,negativo,lexico,qualidade:negativo,True
"Comprei esse vídeo game e tenho uma coisa a dizer, perfeito, veio completamente protegido e tudo está em bom estado e bem conservado, única coisa que não veio foi o 1 terabyte prometido, porém achei irrelevante. (Edição: o controle original veio com problema na bateria, deixei descarregar o controle totalmente e botei para carregar, no outro dia fui tentar ligar e não carregou nada)",PS4 Slim,Double Date,qualidade,qualidade,neutro,positivo,lexico,qualidade:positivo,False
"Bom, o meu PS4 veio com defeito no disco, não está lendo jogos mídia física. não recomendo comprar esses tipos de coisas por aqui",PS4 Slim,Double Date,qualidade,qualidade,negativo,neutro,lexico,qualidade:neutro,False
"Infelizmente após 10 dias de uso o meu apresentou problemas, não quiz desligar no botão, tive que tirar da tomada, e após tentar ligar novamente NÃO LIGOU MAIS. Passou uns 3 dias sem ligar, após ligou novamente MAS O BOTÃO DE tirar o CD não funciona mais. já não quer LIGAR NOVAMENTE.",PS4 Slim,Double Date,qualidade,qualidade,negativo,positivo,lexico,qualidade:positivo,False
"Perfeito!!! Podem comprar sem medo. Chegou tudo certinho. Parabéns à loja, ótimo vendedor. Comprarei mais jogos futuramente.",PS4 Slim,Double Date,qualidade,entrega,positivo,positivo,lexico,entrega:positivo,False
"chegou antes do prazo, tudo funcionando perfeitamente, bem embalado. recomendo muito",PS4 Slim,Double Date,entrega,entrega,positivo,positivo,lexico,entrega:positivo,True
"Valeu cada centavo, meu esposo adorou o video game, foi um presente meu pra ele de aniversário, veio super bem embalado, com todos acessórios, tudo funcionando perfeitamente, pelo contrário, só elogios, recomendo a loja, postaram rápido, chegou rapido na minha cidade, foram atenciosos no chat",PS4 Slim,Double Date,qualidade,entrega,positivo,positivo,lexico,entrega:positivo,False
"O Playstation chegou antes do prazo, muito bem embalado. Eu pesquisei muito antes de efetuar compra, a loja correspondente muito bem as expectativas, atenciosos e com um produto de excelente qualidade. Vale muito o investimento!",PS4 Slim,Double Date,qualidade,entrega,positivo,positivo,lexico,entrega:positivo,False
"Produto chegou antes do prazo, boa qualidade sem nenhum risco dois controles top. Recomendo",PS4 Slim,Double Date,qualidade,entrega,positivo,positivo,lexico,entrega:positivo,False
"Veio muito bem embalado o console e também os controles. Tudo funcionando perfeitamente, assim como o Fifa que veio sem defeito top.",PS4 Slim,Double Date,qualidade,qualidade,positivo,positivo,lexico,qualidade:positivo,True
"Tudo certinho, funcionando perfeitamente. Veio muito rápido e bem embalado. Só que agora perdi minha televisão kkkkk",PS4 Slim,Double Date,entrega,entrega,positivo,positivo,lexico,entrega:positivo,True
"Compramos para meu filho e ele gostou muito. Atendendo todas as expectativas. Produto muito bom, entrega no prazo, tudo certo.",PS4 Slim,Double Date,qualidade,entrega,positivo,positivo,lexico,entrega:positivo,False
"Veio muito bem embalado e o envio foi muito rápido! Chegou como novo, sem riscos e sinais de uso. Os controles parecem novos pois estão perfeitos!!! Recomendo de mais.",PS4 Slim,Double Date,qualidade,entrega,positivo,positivo,lexico,entrega:positivo,False
"Emaravilhoso muito bom mesmo chegou Répido colsinha poucas porgées pré duas pessoas e muito répido o cozimento 2u240920 1884 0 produto é pequeno, pensei que fosse maior ,chegou agora, sé falta testar pra verse vale a pena mesmo .O entregador nota 10. © ©",Cozedor de Ovos 3 Andares,Double Date,entrega,entrega,positivo,positivo,lexico,entrega:positivo,True
"Chegou ne prazo certo, velo répido, iguel com o maximo de équa recomendado e nde ficeram bem durinhas as gemas,repetio procedimente para terminar de cozinhar a @: Cae ek bk",Cozedor de Ovos 3 Andares,Double Date,qualidade,entrega,positivo,positivo,bertimbau,entrega:positivo,False
"Chegou répido! Produto parece ser de bos qualidade, vou comecar a fazer otratamento com 0 produto. E depois volto pars reavalar. tek kkr Legumes: ainda nao usel Velocidad: coloque ele na tomada pra verse estava funcionando ,epelojeito ele esquenta bem rapido (Qualidade material parece ser bom Eu pensei que a vim branco mais bonito thm 0 rosa, quando eu for usar eu eektoe falo se bom mam, a instrugso kkk velo tudo inglés eno tem que traduzir tudo no ‘vadutor mae » Sa) (* Aen” Legumes: legumes Pelo valor.esté bem ok mas tenham em mente que é meio pequena. material no parece muito resistente mas é s6 culdar bem que val durar sim. ali testei s6 com talos de brécolis cozinhou bem répido.",Cozedor de Ovos 3 Andares,Double Date,qualidade,qualidade,positivo,positivo,lexico,qualidade:positivo,True
"Chegou tudo certo bem embalado agora vou ter que aprender a usar a instrue3o que ver no ajuda em nada @ ere tek: Entrega répida, uma gracinha ainda no testel mais pode comprar sem medo. ange 22334 tek:",Cozedor de Ovos 3 Andares,Double Date,qualidade,entrega,positivo,positivo,lexico,entrega:positivo,False
"Legumes: Os legumes fiearam bem cozidos e os ovos também Velocidede: 1§ minutos Qualidace: material de boa qualidade Eu queria 8 cor branes, porém como é sortida velo na cor rosa & ‘eianerois362 Legumes: ainda nao testel mae parece bom Velocidade: nao testel Quolidade: ache que era malor comprel de 2 andares e mesmo assim nao deu na altura de um palma na cabe multe verdura mes serve pro que preciso tek:",Cozedor de Ovos 3 Andares,Double Date,qualidade,qualidade,positivo,positivo,lexico,qualidade:positivo,True
Ame a minha compra funciona perfeitamente cozinhel sé aipim ficou muito bom @ entrega fol super répids o vendedor super atencioso ou 0 entregador também 6 tem que ‘agradecer a todos obrigada chegou répido..eu gostel ele cozinha muito bem...coloquel batata doce ...porém achel bem pequeno nio dé para colocar muito coisa dentro... entBo se for par ‘grandes quantidades nao da...mas fora isso é bom e material tom ¢ bem fraquinho de pléstico|,Cozedor de Ovos 3 Andares,Double Date,entrega,entrega,neutro,positivo,lexico,entrega:positivo,False
"tek: ‘Amel produto. Chegou répido e tudo certo. -Jausei cozinhel ovo e esquentel banana. Pritico efécil.Faciita a vide. neossy Freese t ever, [ Bevers",Cozedor de Ovos 3 Andares,Double Date,qualidade,entrega,positivo,positivo,bertimbau,entrega:positivo,False
até que chegou répidoliguel funcionou no mostrusrio parecia ser maior é muito pequeno liguel funcionou eu gostei s6 achel muito pequeno ‘oeriocate e carotnnes5 Parecido com o andncioe velo o copinho de 40m. 0 cabo & muito curtinho. Estéfuncionando. Ainda no cozinhel ovos mas teste eesté esquentando. fet sorquato,Cozedor de Ovos 3 Andares,Double Date,qualidade,qualidade,positivo,neutro,lexico,qualidade:neutro,False
"Muito bom o produto, a Unica coisa é que a cor é sortida! Deveriam dar opcdo para selecionar a cor antes de madar o produto",Cozedor de Ovos 3 Andares,Double Date,qualidade,qualidade,positivo,positivo,lexico,qualidade:positivo,True
"Postagem e entrega dentro do esperado caixa toda amacada nde colocaram nenhuma protego bom que néo danificou 0 produto, bom custo beneficio achel que fosse um pouco maior mais funcione bem até o momento, CChegou antes do previsto, bem embalado. Uma cor linda ! ‘Vou testare volto pra falar sobre o funcionamento Wiasivet29",Cozedor de Ovos 3 Andares,Double Date,qualidade,entrega,positivo,positivo,lexico,entrega:positivo,False
"Gostel do produto, uma penag no pude escolher a cor. Gostaria de comprar outro, mas corro. risco de viramesma. Entrega super répida. Recomendo o vended Legumes: ndo fiz legumes ainda Velocidade © super répido e sai no ponto Qualidade: 08 oves fcam no ponto certo que eu gosto ‘Ainda me adaptando, se for mesmo bom, endo queima répido por que parece frill volto aqui pra avisar",Cozedor de Ovos 3 Andares,Double Date,qualidade,qualidade,neutro,positivo,lexico,qualidade:positivo,False
"Praduto multo bom. Atende perfeitamente ao seu propésite, Unico porém & que na descrigéo diz que desliga automaticamente quando a agua acaba, o que nio é verdade {pelo menos no que eu receb) ynegésonmn",Cozedor de Ovos 3 Andares,Double Date,qualidade,qualidade,positivo,positivo,lexico,qualidade:positivo,True
Produto multo bom cumptir o que fala bre ele minha amiga gostou muito ela cozinho os ovos e amor podem comprar vale multe @ pena eu comprei 2 um para me é outro para minha amiga,Cozedor de Ovos 3 Andares,Double Date,qualidade,qualidade,positivo,positivo,lexico,qualidade:positivo,True
"Fiquel insegura ge ia cozinhar mesmo. Fiz o teste e deu super certo! Come 0 folheto vem escrito em ing, enchio copinho medidor com équa, coloquel na base e testel ‘com um ovo. Ele desiiga automaticamente, Nota 10! Entrega na data estipuladat 6 kkk",Cozedor de Ovos 3 Andares,Double Date,qualidade,entrega,positivo,positivo,bertimbau,entrega:positivo,False
"Chegou dentro do prazo, jé teste! e funciona perfeitamente.. Recomendo bom demais",Cozedor de Ovos 3 Andares,Double Date,qualidade,entrega,positivo,positivo,lexico,entrega:positivo,False
"CChegou dentro do prazo,jé teste e funciona perfetamente.... Recomendo bom demais",Cozedor de Ovos 3 Andares,Double Date,qualidade,entrega,positivo,positivo,lexico,entrega:positivo,False
"Nao teste! sinda, mais parece ser boa. apreser q material aparenta ser bem frégil_chegou antes do prazo.. velo ume azul e uma amarela",Cozedor de Ovos 3 Andares,Double Date,qualidade,entrega,positivo,positivo,lexico,entrega:positivo,False
"Gostei do produto chegou super répido porém pedi na cor branco e velo azul tirando isso funciona diretinho adorei ‘Tudo certo. Entregue dentro do prazo bem embalado, funciona perfetamente, produto itl eprético, ecomendo 0 produto e o vendedor.",Cozedor de Ovos 3 Andares,Double Date,qualidade,entrega,neutro,positivo,lexico,entrega:positivo,False
"tek kkr 7026-0223 1336 | Varago: COZEDOR 3 ANDARES,110V Entrega super rapida produto funciona perfeitamente.cumpre o prometide.vamos vera durabilidade. eke: Goste! muito do produto, porém quem entregou jogou de uma altura alta e acabou quebrando o pezinho. Acabelficando mesmo assim, teria que gastar com @ embalagem, Mas o produto em si é muito bom e cozinha ovo, cenoura, couve lore outros legumes super répido Shiamaragasivaandras CChegou bem rapido sem nenfuum defeito, funcionando perfeitamente sem problemas gostel dessa compra s6 que me enviaram na cor rosa eno combina com nada na ‘minha cozinha .26 fol isso que néo achei legal mae recomendo 0 produto tek kkr",Cozedor de Ovos 3 Andares,Double Date,qualidade,entrega,neutro,positivo,lexico,entrega:positivo,False
Amel top de linha top top top chegou rapidinho até ek:,Cozedor de Ovos 3 Andares,Double Date,qualidade,entrega,positivo,positivo,bertimbau,entrega:positivo,False
"CChegou no prazo, ands no use! a primeirs vez que compro,o entregador & étimo, parece ser bom",Cozedor de Ovos 3 Andares,Double Date,entrega,entrega,positivo,positivo,lexico,entrega:positivo,True
Legumes: ainda no usei Qualidade: parece bem resistente ‘Anda no usel.. Mas chegou tudo em ordem e me parece bom fe Gur,Cozedor de Ovos 3 Andares,Double Date,qualidade,qualidade,positivo,positivo,lexico,qualidade:positivo,True
Muito boa. Chegou rapido. O problema é que escolhié o branco e velo azul. fe Gu? ‘ipagiuzo,Cozedor de Ovos 3 Andares,Double Date,qualidade,entrega,negativo,positivo,lexico,entrega:positivo,False
"Bom, aquece e cozinha os ovos e alimentos no vapor, mas bem sensivel o material! fe Gu? Legumes: Use cenoura,brécolis,batata Velocidad: Cozinhou em alguns minutos, muito bom! Qualidade: Boa ""Muito bom pra quem no tem tempo, e gosta de comestvels a0 dente fe Gu? ‘sivanigousa219",Cozedor de Ovos 3 Andares,Double Date,qualidade,qualidade,neutro,positivo,lexico,qualidade:positivo,False
Legumes ainda nao usei Velocidade: Parece boa Qualidade: © material parece resistentee durdvel,Cozedor de Ovos 3 Andares,Double Date,qualidade,qualidade,positivo,positivo,lexico,qualidade:positivo,True
"Costel do produto! Muito prétice | Pena que eles enviaram a cor diferente. Veio azul eno seria uma cor que eu escolheria para ter er minha cozinha . No mals tudo ok O produto ¢ ok. Faz 0 que se propde razoavelmente bem, 1a quantidade de Sgua para ovos Hard boiled é um pouco a mais que a do medidor diz que deve ser. 2 a instruglo do produto ¢ um pouco equivocada, provavelmente por causa da tradugo ruim do chins. 3 fagam o furo na parte debeixo do ovo (no @ superior como esté na instrugéo) e ponha de ponta cabega para cozinhar. Com isso, voc# evita que ele vaze. Paz O produto é muito bom 'Sé no gostei que pedi na cor branca e mim enviaram amarela [Nao gosto d amarelo e no combinado com minha paleta de cor da minha cozinha roduto de acardo com 0 anincio. Cozinha ovos muito bem, os legumes também, porém este time fica um residue escuro no funde da pega, tendo que ser removida com palha de ago ou esponja. kkk LY Ota ela realmente faz 0 que promete. Fiz o teste com 2 ovos e jé peguel os macetes. Compre sem medo. A Unica coi triste & que eu guardo em caixas e a da minha velo ‘toda destruidae tbm ndo velo na cor que eu pedi. Mas estou satisteta com a compra, ‘gacieecompeet tek k sr",Cozedor de Ovos 3 Andares,Double Date,qualidade,qualidade,negativo,neutro,lexico,qualidade:neutro,False
Legumes: eves eazinhou Velocidade: esquenta répida Qualidade: boa stro rida 2 wy 5,Cozedor de Ovos 3 Andares,Double Date,qualidade,qualidade,positivo,positivo,lexico,qualidade:positivo,True
"produto corresponde ao andnco, teste cozinhando ovos fol eficiente.Ainda na testei com a capacidade total",Cozedor de Ovos 3 Andares,Double Date,qualidade,qualidade,positivo,positivo,lexico,qualidade:positivo,True
"Acabel de receber ainda ndo provel, mas velo bem embalada erpido,",Cozedor de Ovos 3 Andares,Double Date,qualidade,qualidade,positivo,positivo,bertimbau,qualidade:positivo,True
"Realmente & muito utile funciona direitinho, compre para minha mle ela amou, porém eu no fiquel muito contente, pols ela queria branco e néo sabiamos que tisha 8 op¢o de escolha pelo chat. Mesmo assim ela gostou © ™ sugestlo: coloque no antncio a opedo de escolha de cor pelo chat e se tver no andncio pego desculpas pois nBo vi @",Cozedor de Ovos 3 Andares,Double Date,qualidade,qualidade,positivo,positivo,bertimbau,qualidade:positivo,True
"Pratico répido. Dei quatro este porque no anuncio estava branco o video, ao tinha na descri¢lo a co, entendi que receberia um branco, porem velo um rosa.",Cozedor de Ovos 3 Andares,Double Date,qualidade,qualidade,positivo,positivo,bertimbau,qualidade:positivo,True
"Goste!, chegou répido, @ Unica coisa que desmerecer na avaliaedo fol que eu comprel branco e velo amarelo eu odelo amarelo e verde, eu comprel neste vendedor pq era branco e isso éiitante",Cozedor de Ovos 3 Andares,Double Date,qualidade,entrega,positivo,positivo,bertimbau,entrega:positivo,False
"Queria qualquer cor menos o rosa, até avisel o vendedor mas fazer og, cor aleatéria, me enviaram rosa. O produto & bom, fiz um ovo cozido, desiga sozinho, nBo deixs o ovo ‘passar do ponto, 26 néo consegui usar 0 cope medidor como furador da pontinha do ove. I280 antes de cazinhar, como manda as instucdes. ‘Chegou antes do prazo, ndo teste ainds.acaixa velo bem danificada Lis ts boven 02507-23066 | Vriagéo: COZEDOR 2 ANDARES,110V (© produto é maravlhoso! Perfeto! Vale muito a pena. A embalagem velo emaseads e meio rasgads embeixo, mas velo sem nenhuma avaria. S6 ndo dei § estrelas devide a ‘embalagem, a0 andncio que no dava oportunidade de escolher a core 40 vendedor, pols mandel 3 mensagens e ful totalmente ignorada, Mas 0 produto & perfeto",Cozedor de Ovos 3 Andares,Double Date,qualidade,entrega,positivo,positivo,lexico,entrega:positivo,False
"Jnecleint2 Fie 0 teste com ovos étime cozimento Produto pequeno ‘Velo mal embalado sem nenhum cudade poderis ter colocado encoladinho no papelio ou pléstica bolhafaltou capricho ne envia aja ‘Chegou dentro do prazo! Eu quis testarprimeico pra vim aqui comentar. 0 produto é bom, mas 0 fato de no poder escolher a cor é muito ruim, sou homem e o meu veio rosa. Ndo recomend, compre de algum vendedor que dé para escolher a colorago do equipamento, 2n2s0921 1055 ‘Ja tve um desse, bem prtico e répido cozinha ovos 86 que queria 0 de 2 andares e o vendedor me mandou de 1 $6, |é testel etd funcionando , paguel um valor erecebi outro produto Js tive um desse, bem prético e répido cozinha ovos 86 que queria 0 de 2 andares e 0 vendedor me mandou de 1/86, jé testel eta funcionando , paguel um valor e receb| ‘outro produto Recebi agora e, por isso, ind no teste $6 no gostei, por enquanto, da cor No pedi amarelo. No tem nada a ver com minha cozinhe, nem com @ilustracdo. yo: COZEDOF NOARES.110V Parece muito frgll, mas acredito que suporte bem o calor, quando ligado. CChegou répido, mas ndo veio bem embalado.",Cozedor de Ovos 3 Andares,Double Date,qualidade,entrega,negativo,positivo,lexico,entrega:positivo,False
"Parece estar dirltinho, mas &caixa chegou tods amassads,e ers um presente, Bee ‘one rmonicasmenatt? ‘Anda no usel. A caixa chegou toda amassada, parecia ter sido aberta, produto chegou inti. rtszAunsow kkk kS ‘A-embalagem velo bem amassada,porém o aparelho néo esté quebrade hava pedido na cor branca mas velo amarelo. Fa | fiero wes Bae aes",Cozedor de Ovos 3 Andares,Double Date,qualidade,entrega,positivo,negativo,lexico,entrega:negativo,False
Produto chegou muito bem jé usei viras vezes ‘our,Cozedor de Ovos 3 Andares,Double Date,qualidade,entrega,positivo,positivo,bertimbau,entrega:positivo,False
"Produto chegou muito bem jé usel vérias vezes. ‘edeon ola (0 produto chegou no dia certo, a calxe velo toda danificada, mas o produto esté ok, no teste ainda. Nsernorango tetas:",Cozedor de Ovos 3 Andares,Double Date,qualidade,entrega,neutro,neutro,lexico,entrega:neutro,False
"Nao fol testado ainda, pois é um presente. A embalager chegou toda destruida. Entrega absurdamente demorada,",Cozedor de Ovos 3 Andares,Double Date,qualidade,entrega,positivo,negativo,lexico,entrega:negativo,False
"A embalager deixou bem a desejar. Velo a caixa orginal dentro do saquinho, sem nenhuma proteco maior com o produto. A caixa veio bem amassada,principalmente o undo. 0 produto no fo! danficado mas, vale um pouguinho mais de cuidado. Fora isso , 0 produto funciona bem e atende 04 proposto. ‘s2p2mesie cata eo bem amused, porno Coondr chap sr eas Pana cor banca velo sn Lig orth squacende norma Ande nfo coke! ada _ = Sof age SEE is & Ietersont.cruz",Cozedor de Ovos 3 Andares,Double Date,qualidade,qualidade,positivo,negativo,lexico,qualidade:negativo,False
Legumes: goste! fiz teste Velocidade: boa (Qualidade: ache tampa de cima pouco encaixe Embalagem velo rasgado tudo bagunca ‘Acho tinha presta mas ateneéo na hora de manda produto bem embslado i 2 @ &,Cozedor de Ovos 3 Andares,Double Date,qualidade,qualidade,positivo,positivo,lexico,qualidade:positivo,True
"Bom produto, Chegou dentro do prazo previsto. A embalagem velo bem amassada, Gostaria de ter escolhido a cor. CChegou répido, veio na prépria embalagem. Esta funcionando normaimente,",Cozedor de Ovos 3 Andares,Double Date,qualidade,entrega,positivo,neutro,lexico,entrega:neutro,False
"VaviagS: COZEDOR 3 ANDARES,T10V O produto chegou com a embalagem destruda nio sel de fol o entregador ou se veio assim a caixa estava toda rasgada quando eu abrio saco que veioe ful retirar 0 produto por pouco néo caiu, vou testare ver como funciona |neidtag0 Dette 70250508 1-21 | Variagde:COZEDOR 2 ANDARES,T10V ostei do cozedorelétrico e se usar a caixa, no poderia Veio rasgada Agora usar se estéfuncionando. ia | Dentro domprazo de entrega. Conforme o anuncio. A calxa velo um pouco emassada mas 0 produto velo intacto. Cumpre o que promete. Cozinha bem 0s legumes no vapor. Legumes mais duros e s6 deixar mais tempo. Nao havia percebido no andincio, mas no vem nenhum pratinho junto pra uso, s6 pra avisar ‘Ainda néo experimentei mas chegou répido. O manual é em inglés. Vou traduzi. bem fragile a embalagem velo amassada",Cozedor de Ovos 3 Andares,Double Date,entrega,entrega,negativo,negativo,lexico,entrega:negativo,True
"Legumes: prao q precisa ele funciona bem Velocidad rapido Qualidade: © material parece resistente e durivel Ire testar 0 produto com calma ""Mas fiquel chateada com a quantidade de mofo q estava na embslagem o chelro multo forte &caixe tod destruda a sacola mofada dando um aspecto de produto velho. ‘Agora ver se rd funcionar Com essa questio estou insatistets",Cozedor de Ovos 3 Andares,Double Date,qualidade,qualidade,positivo,positivo,lexico,qualidade:positivo,True
"Enviaram caixas todas danificadas, asgadas e amassadas, e eram para presentear. A impress de dar como presente & que estamos dando algo usado. (eft det:",Cozedor de Ovos 3 Andares,Double Date,qualidade,qualidade,positivo,negativo,lexico,qualidade:negativo,False
"Qualidade: fragil Demorou muito pra chegar totalmente fora do prazo a caixa velo toda amassada péssima embalagem ainda nfo teste! espero que pelo menos sirva ae | gui? e@ merincr 940705, Recebi porém a embalagem chegou muito amassada.provocando uma abertura em um dos compartimentos, o que pode prejudicar o cozimento. ‘Qualquer desacerto,entro em contato com vocds. Muito lindo! ‘candidedes",Cozedor de Ovos 3 Andares,Double Date,entrega,entrega,neutro,negativo,lexico,entrega:negativo,False
"umes: no used ainda Velocidede: usel ainda Qualidade: aparentemente bom devido ser plastico. Vou testar e volto para completar a avaliacdo,",Cozedor de Ovos 3 Andares,Double Date,qualidade,qualidade,positivo,positivo,lexico,qualidade:positivo,True
"Acaixa veio aberta, sem nenhuma proteeo a mais, parece que velo de outro cliente que desistiu do produto. elo menos esté funcionando, mas 0 vendedor precisa se atentar a isso, calxa violada é extorno para 99% dos clientes e com razBo. _gabrielygeterandrade ‘Muito bom, chegou répido eo hed",Cozedor de Ovos 3 Andares,Double Date,qualidade,qualidade,neutro,positivo,lexico,qualidade:positivo,False
teks (OARES.T10V Chegou rapido . [rel testar .Otimoo Bas,Cozedor de Ovos 3 Andares,Double Date,qualidade,entrega,positivo,positivo,bertimbau,entrega:positivo,False
"produto ainda no testel, mas a embalagem velo péssima! =o EEA ‘Apesar de embalado, chegou todo amassado, mas aparentemente inteiro, a cor no me recordo de pedido esse rosa (feio) mas...se funcionar 6 0 que importa. emersonconceirodiguee Bom produto ‘ha o estado que chegaram as caixas, toda amassadas,reegadas, ndo se fol mal culdado no envio ou no transporte. Devera vr com aviso de frégl ‘Anda ber q néo danificou 0 a maquina. Testada esté funcionando, Liga e desliga sozinho no tempo de 10 min. ‘Aiguns alimentos precisaram de mais tempo. ‘Mas achel bem bacana.",Cozedor de Ovos 3 Andares,Double Date,qualidade,entrega,neutro,negativo,lexico,entrega:negativo,False
"equmes: Cozinha bem. Velocidade. Bem répido, Qualidade: Boa, roduto funcionando perfeitamente, mas... embalagem velo em péssimas condigdes, no mals, nota 10 para o produto e nota 0 para a embalagem.",Cozedor de Ovos 3 Andares,Double Date,qualidade,qualidade,neutro,positivo,lexico,qualidade:positivo,False
"Cs) wee 7026-0540 10:43 | VaiagSo:COZEDOR 3 ANDARES220V ‘Ainda ni testei porém o material parece ser bem frigil veremos daquia alguns meses CO entregador nota mil pois velo aqui 2 vezes tentar entregar no jogou a encomenda ele 6 de parabéns 702605-16 1237 | VaiagSo-COZEDOR 2 ANDARES,110V Legumes: chegou dentro do prazo Bos qualidade 86 nBo velo na cor que ped ‘engelapetres 7025-10-25 1931 | VaiagSo:COZEDOR 3 ANDARES,110V Produto: Bava qualidade \Val poucs agus no reservatérlo pars cozinhar no vapor, entéo néo se iluda em cozinhar legumes duros, pedacos grandes, e como té na foto, frig, delicado ‘ercoburatt",Cozedor de Ovos 3 Andares,Double Date,entrega,entrega,neutro,positivo,bertimbau,entrega:positivo,False
Produto: Nem diferente da deserigao ‘encabuat we oY,Cozedor de Ovos 3 Andares,Double Date,qualidade,qualidade,negativo,negativo,bertimbau,qualidade:negativo,True
Velo muito répido porém ele e bem fraco Mas vou testar ‘hiner cnr,Cozedor de Ovos 3 Andares,Double Date,qualidade,qualidade,neutro,negativo,lexico,qualidade:negativo,False
"Primeiro,ndo gostei que ¢ embalagem velo toda amassada,o que poderia danficaro produto, Segundo, detest a falta de respeito do vendedor em mandar a cor que no ‘encomendel, descaso,detesto coisas coloridas, pedi branco e velo azul. Quanto ao cozimento, testei cozinhar ovos, gema bem durinha e deu certo. aa Se",Cozedor de Ovos 3 Andares,Double Date,qualidade,preço,positivo,negativo,lexico,preço:negativo,False
"caueatverat004 seksi se '712509-03 0423 | VariacSo:COZEDOR 3 ANDARES,110V Maravithoso 0 produto! envio também foi mult répido, Porém nBo chegou na cor que eu ped. E otha que eu mandel duas mensagens para o vendedor. Mas ele me ignorou. CO produto chegou direitino, porém o meu velo de cor rosa, nas imagens ele branco,nBo gosto da cor nenhum pouco« fl sorteado com ela, mas tino 8 cor no tenho nada areciamar sobre 0 produto",Cozedor de Ovos 3 Andares,Double Date,qualidade,entrega,negativo,negativo,bertimbau,entrega:negativo,False
"Produto: Mem diferente da descrigdo Recebl 0 produto no prazo.Infelizmente @ cor nfo condiz com o anunclado, Cheguel a solicitar devolugdo, mais cancele, entendendo que no compraria de novo na cor branca, Deveriam cumprir com 0 informado no anincio, ‘paledeoura PESSIMO atendimento! Ninguém reeponde as mensagens no chat. Fiquel dias mendando e nada Produto chegou répido, caixa totalmente amassada. Anda nio teste! pra ver se funciona, No veio a cor que eu ped, porque eles simplesmente ndo respondem. PESSIMO atendimanto! Ninguém responde as meneagens no chat. Fiquel dias mandando e nada Produto chegou répido, caixa totalmente amassada. Ainda ndo testel pra ver se funciona. No veio cor que eu pedi, porque eles simplesmente no respondem. CChegou super répido, Porém? Veo faltando pecas,",Cozedor de Ovos 3 Andares,Double Date,qualidade,entrega,negativo,negativo,lexico,entrega:negativo,False
"Legumes: oves Velocidade: boa slidade bos Produto chegou com @ caixa destruida, com um amassado ao lado conforme foto q enviel. $6 no vou devolve pq esta funcionando had ef",Cozedor de Ovos 3 Andares,Double Date,qualidade,qualidade,negativo,neutro,lexico,qualidade:neutro,False
"Fiz dois pedidos no mesmo dia e horde mas com forma de pat diferentes mas s6.um fol entreque até o momento e mesmo assim chegou com a embslagem bem amassada, Anda néo testel para verfiquel se estar perfelto caso negatho tel solctar reembolso. Z0Ueh Prosute tem com defeito/danticado ra vir em bom estado, qualidade e com todas as pecas. 0 produto em si velo funcionando perfetamente, mas feltando peas. ferondoolvea875515, ‘Veo inter, dentro do prazo, mas néo vou poder usar pois velo voltagem 110, mandel mensagem para a loj eninguém respondeu. No aninciondo tem a votagem. Tava bem empoigads com @ compra até ver iso. Edit: Estou té agora esperando o vendedor responder. Velo com a caixa toda amessada, ea tampa quebrada @ Oe. Legumes: a caixa chegou aberta e toda amassada conforme foto (Qualidade: bem frig wee o 7026-03-02 1049| VatiagSo: COZEDOR 3 ANDARES110V Eu amel, velo bem embalado vendedor timo e a entregatbm excelente,",Cozedor de Ovos 3 Andares,Double Date,qualidade,qualidade,negativo,neutro,lexico,qualidade:neutro,False
Escolhi a cor branca eveio azul porém tudo funcionado cerinho entrega répida,Cozedor de Ovos 3 Andares,Double Date,qualidade,entrega,neutro,positivo,bertimbau,entrega:positivo,False
"Produto: Baia qualidade, Item com defeto/danificado ‘A caixa velo simplesmente em pssimo estado! Produto todo aberto e amassado, por pouco nBo quebral A caixa parecia que J tinha sido usada e reulizada vétias vezes! CChegou tudo 0K ‘A caixa toda destruide mal embelado também! 7026-0606 05:49 | Varco: COZEDOR 3 ANDARES 110 Produ: Balxa qualidade Velo todo aberto, com cheiro de produtos de impeza, ache! muito desleixo da loja, enviar 0 produto assim, o saquinho pretoestava seco e sem cheiro de produtos delimpeza, entio nfo fol a transportadora, ind i",Cozedor de Ovos 3 Andares,Double Date,qualidade,qualidade,negativo,negativo,lexico,qualidade:negativo,True
"VaagS: COZEDOR 2 ANOARES,110 Gostei do produto, ovo cozido deu certo, s6 nBo teste! ainda os legumes! A embelagem chegou amassada, ainda bem que o produto funcione! Coloquel porque hoje que teste, funciona 6 o primero andar o segundo néo encaia, ficou maior Fiquel iste! Por isso coloquel menos estrelas! @ @& 712500-26 1225 | Vaogé: COZEDOR 3 ANDARES 110 Eu pedo produto na cor brane ainda falei com vendedor que 86 me interesss pelo produto nessa cor! Me enviaram os dois amarelos! A pessoa no gostou! Néo compro mais nessa ja! 712508-26 1242 | Vriogé: COZEDOR 3 ANDARES 110V Eu ped meu produto na cor branca e me enviaram amareoll A pessoa que me pedlu pra comprar ndo gostoutFiquel com a cara no chlo! Ndo compro mals nessa loja!",Cozedor de Ovos 3 Andares,Double Date,qualidade,qualidade,positivo,neutro,lexico,qualidade:neutro,False
"Recebl 0 produto muito mal embslado!O produto esté em pefeto estado, mas # embalagem NAO fol preservada. Eu}6 the comprado um desses e gost! tanto que comprel outro, no entanto, neste dtimo 8 tampa parece néo estar completamente encaixads, assim o ovo que deveria estar cozido, esta saindo com a gema mole. 712506 30 08:1 | Vag: COZEDOR 3 ANDARES,110V @& ses",Cozedor de Ovos 3 Andares,Double Date,qualidade,entrega,neutro,negativo,bertimbau,entrega:negativo,False
"A embalagem velo completamente danificada, agora vou testar 0 produto",Cozedor de Ovos 3 Andares,Double Date,qualidade,entrega,negativo,negativo,bertimbau,entrega:negativo,False
Nao gostei da cor. Veio azul (Qualidade muito ruim em comparaco @ que eu ja tenho de um andar O custo benefico até que compensa,Cozedor de Ovos 3 Andares,Double Date,qualidade,preço,negativo,neutro,lexico,preço:neutro,False
"del duas estrelas pq pedi o produto na voltagem 220 e mim enviaram 110 e no resolveram até agora por esse motivo no estou satisfeta 26ho. 42.6 0 produto chegou antes,pordm veio na cor erada e um na voltagem errada eu pedi os dois na cor branca jeio 1 amarelo no 110v e 1 rosa no 220v",Cozedor de Ovos 3 Andares,Double Date,qualidade,entrega,negativo,neutro,lexico,entrega:neutro,False
"VringS:COZEDOR 3 ANDARES 2200 ENTREGADOR COLOCA QUE FOI ENTREGUE. COLOCA TELEFONE DE OUTRA PESSOA, ENDEREGO DE OUTRA PESSOA E A FOTO DA FRENTE DA CASA DE OUTRA PESSOA ‘TEM QUE TER CUIDADO COM AS PESSOAS QUE FAZ AS ENTREGAS ,0 ENTREGADOR COLOCOU QUE EU TINHA RECEBIDO O PRODUTO, E COLOCOU UM NUMERO E UM ENDEREGO DE UMA PESSOA DIFERENTE, EU COMECEI A ENTRAR EM CONTATO COM UM ENTREGADOR E ELE ENTROU EM CONTATO COM OUTROS, RAPIDINHO ENTRARAM EM CONTATO COMIGO E 0 CARA VEIO DEIXAR, COLOCARAM ATE UMA FOTO DE UMA CASA QUE NAO TINHA NADA AVER COM A MINHA, TO PENSANDO DE DDEIXAR DE COMPRAR PELA SHOPEE POR CONTA DESSAS COISAS, NAO A 1 VEZ QUE ESTE CONTRAGOSTO ACONTECE Bn we (0 produto velo em estado creo, «cana toda remendads de durex eo fund de cai aberta, nfo velo o manual. Patece que fo devolucSo de algum clente ‘Vou testar ese néo estver funcionando seela segunda a devolver| © eons",Cozedor de Ovos 3 Andares,Double Date,entrega,qualidade,negativo,negativo,bertimbau,qualidade:negativo,False
"nBo gostei da cor Eu haviaselecionado branco e velo amarelo .No mais veto completo, chegou répido ‘Chegou no prazo, mas velo muito mal embalado e na cor errada",Cozedor de Ovos 3 Andares,Double Date,qualidade,entrega,negativo,neutro,lexico,entrega:neutro,False
Néo tem nada haver o produto ¢ pequeno e eu ainda tive que sairprocurando na rua porque no entregou na minha reidénciahorrivel eorcesramond 962 Néo véia cor certa pedir branco e velo azul mas o produto e bom ves tem g prestaatenco ene cor @ agente pede no mas funciona bem Za roe 88 Seaee slide velo amassado e nBo dar pra ussr de eto nenhum caramiba que chato ainda nem der pra devoher por dere outra cidade # devolucSo fiquel mult chatesda,Cozedor de Ovos 3 Andares,Double Date,qualidade,qualidade,negativo,neutro,lexico,qualidade:neutro,False
"Legumes: Funelonau eertinho.. voduto: Mem com defeito/danficado ‘Acabou de chegar, caia velo rasgada, a tampa quebrada e ped branco e velo amarelo.enfi, vamos ver se pelo menos funciona. oduto: Baba qualidade ‘Muito mal embatadojembalagem toda amassada, experimentar pra verse funciona",Cozedor de Ovos 3 Andares,Double Date,qualidade,qualidade,negativo,negativo,lexico,qualidade:negativo,True
"Eu ainda ndo usel,porém nde gostei do pldstco. Serd que ele néo elimina BPA? Vou pesquisa Gostel mas a cor velo errada pel branco velo azul Eu ainda no use, porém no gostei do pléstico. Seré que ele no elimina BPA? Vou pesquiser e@ weirs Gostel mas a cor veio errada pedi branco velo azul",Cozedor de Ovos 3 Andares,Double Date,qualidade,qualidade,neutro,neutro,lexico,qualidade:neutro,True
"Produto: item diferente da descri¢o ‘Até funciona bern mas eu pedi branco e velo rosa, no recomendo Fiquei decepcionada",Cozedor de Ovos 3 Andares,Double Date,qualidade,qualidade,neutro,neutro,lexico,qualidade:neutro,True
"Fiz. pedido especificando muito bem que era 110v, pedi para confer antes de mandar ainda sim mandaram 220v.",Cozedor de Ovos 3 Andares,Double Date,qualidade,qualidade,negativo,positivo,bertimbau,qualidade:positivo,False
"barborciont 41 Para mim, ndo teve ums bos funcionalidade pois demora muito para cozinhar os legumes... além da gua e evaporar muito répido, preciso ficarcolocando gua a cada 5 ‘minutos... enfimmm, para mim no funcionou",Cozedor de Ovos 3 Andares,Double Date,qualidade,qualidade,negativo,positivo,bertimbau,qualidade:positivo,False
"roduto: Wem com defeito/danificado ‘Demore! para testar, nao tenho mais como devolver, no melo do funclonamento as luzes da minha casa comecaram a piscar,troquel de tomada, mesma colsa, ele fica piscando, efazendo barulho, os ovos ficaram bons, uma pena 02409-61607 Debxou a desejar o modo como velo embalado e a cai fechada de qualquer jit,",Cozedor de Ovos 3 Andares,Double Date,qualidade,qualidade,negativo,negativo,lexico,qualidade:negativo,True
"Legumes: néo cozinha bem, queima o fundo porque a agua seca muito répido, o produto desliga mas volta @ ligar. Produto:Baixa qualidade Jesenicedeesussamtoses",Cozedor de Ovos 3 Andares,Double Date,qualidade,qualidade,neutro,negativo,bertimbau,qualidade:negativo,False
"Nao veio na cor que pedir, deveria anunciar as cores disponivels ! ‘iter",Cozedor de Ovos 3 Andares,Double Date,qualidade,qualidade,negativo,negativo,bertimbau,qualidade:negativo,True
Tentem prestar mais atengo no pedido os clientes ‘octsstot,Cozedor de Ovos 3 Andares,Double Date,qualidade,qualidade,negativo,positivo,bertimbau,qualidade:positivo,False
NBo é 8 cor que eu pedi Eu pedi branco e veio amarelo,Cozedor de Ovos 3 Andares,Double Date,qualidade,qualidade,negativo,negativo,bertimbau,qualidade:negativo,True
"Qualidade: chegou quebrado, embslagem amassada Funcionamento: mas preparou 0 avo direttinho",Cozedor de Ovos 3 Andares,Double Date,qualidade,qualidade,negativo,negativo,lexico,qualidade:negativo,True
Produto: tem diferente da descriglo ‘Veto na cor azul. Ndo estava na discriminaco que vtia cor aleatrio.,Cozedor de Ovos 3 Andares,Double Date,qualidade,qualidade,negativo,negativo,bertimbau,qualidade:negativo,True
Me decepcionel...Ela cozinha ovos mas eles estouramm,Cozedor de Ovos 3 Andares,Double Date,qualidade,qualidade,negativo,negativo,bertimbau,qualidade:negativo,True
Produto velo com a caixa toda aberta e rasgade svenadasivasantos007 [NBo velo o que comprei_veiofaltando peca mmes228 156 Produto recebido.com avaria ooezarmantinsdossant766 Prodito: Nem éiferente da descrigso ‘Muito pequeno achel que ers mais mais &prético,Cozedor de Ovos 3 Andares,Double Date,qualidade,qualidade,negativo,negativo,lexico,qualidade:negativo,True
Produto: tem com defeito/danificado 0 produto velo danificado e com a calxa amassada ‘owe,Cozedor de Ovos 3 Andares,Double Date,qualidade,qualidade,negativo,negativo,lexico,qualidade:negativo,True
Produto: Bara qualidade ‘Veo faltando uma pega Or.,Cozedor de Ovos 3 Andares,Double Date,qualidade,qualidade,negativo,negativo,lexico,qualidade:negativo,True
"Produto: tem com defeito/danificado velo quebrado ‘Severonnanny Demora um absurde para cozinhar SS dekererse Velo rosa Se forse brance ficariasatisfeta,",Cozedor de Ovos 3 Andares,Double Date,qualidade,qualidade,negativo,negativo,lexico,qualidade:negativo,True
"Ame! parabéns. ‘Muito pequens 70260503 09:3 | Vragde:COZEDOR 2 ANDARES 110Y ‘nda ndo testi, mas acaixa chegou desta formal!",Cozedor de Ovos 3 Andares,Double Date,qualidade,entrega,neutro,positivo,bertimbau,entrega:positivo,False
"J4 60 segundo que eu compro é mals uma vez @ embalagem chegou totalmente destruids, oq éuma pena, pq a intencio desea vez era dar de presente, Ainds nem testelo| primero, pq dependendo da cor eu ila trocar no presente, mas dessa vez também nBo velo @ cor @eu queria, entBo vou ficar com meu primeiro mesmo qé azul. Houve ume ‘confusio com a entrega # eu cheguela pedir reembolso, mas acabei cancelando, pq hj ele fol entregue normalmente.",Cozedor de Ovos 3 Andares,Double Date,qualidade,entrega,negativo,neutro,lexico,entrega:neutro,False
"Teste! endo gostei, informavague serve pare fazer legumes no vapor, 0 que no é verdade,além dos cheitos ve misturarem, ficando os legumes ressecados e mudarem de ‘cor, tornando impossivel comer, por causa do chiro. ‘Mas para cozinhar ovos & mals ou menos, porque ele no desliga sozinho, quando acabs a gua ou se tem far viglando para no torrar 0s ovos, Produto Baixe qualidade Infelizmente ndo ¢ to eficaz como eles propdem na propaganda, Ele serve para cozinhar apenas 6 ovos. As pegas que d3o mais nveis a0 cozedor é enganoso, pois © ‘aquecedor ndo suporta mals gue e ele seca em 7 minutos a égua do prato de inox edesliga, entBo nBo ¢ vidvel outos andares, Propagande enganosa! Produto ineficaz! ‘gecelanamaradesourale",Cozedor de Ovos 3 Andares,Double Date,qualidade,qualidade,neutro,positivo,lexico,qualidade:positivo,False
eonome das pessoas que podem pegat apeser de tudo o entregador entrou em contato comigo Mas eu dexelavisado com vendedor as pessoas que podiem pegat eas a Sia) paar 507,Cozedor de Ovos 3 Andares,Double Date,entrega,entrega,neutro,positivo,bertimbau,entrega:positivo,False
"Produto- Mem diferente da descricgo,Baixe qualidade Produto diferente que pedi. Pedi a branca velo amarelo, Achei que era maior, mas & bem pequen. E bem fda fora que chegou em uma caixa toda estourada no sei como {uncionou, Os vendedores néo tem cuidado nenhum de embalar, nem colocar em um pldstice lhe",Cozedor de Ovos 3 Andares,Double Date,qualidade,qualidade,neutro,negativo,bertimbau,qualidade:negativo,False
"Produto: Mem com defeto/danificado (0 produto estéfuncionande, porém chegou todo amassado ea tampa estétrincada, a muito tempo compro na Shopee esta fo a primeira vez que recebi uma encomenda toda detonada",Cozedor de Ovos 3 Andares,Double Date,qualidade,qualidade,negativo,negativo,lexico,qualidade:negativo,True
"Pedi para dar de presente de amigo secreto e chegou com a embalager toda danificada. Veio embalado num saco plastico sem protecio nenhuma. Poderiam ter colocado dentro de outra caixa para proteger melhor unio gostei da corna compra no dava opcio de cores porém apareciabranco na descrigo. a fall ao vendedor se possivel me manda amarelo se no abranca mesmo. ‘ime mands azul macnacors13| ‘ecto: Nem com defeto/danficado Puro descaso, o produto é born porém o vendedor nem se deu ao trabalho de proteger minimamente as caixas. la ser presente de natal mas sem condigées nessas cembalagens. Péssimo mesmo.",Cozedor de Ovos 3 Andares,Double Date,qualidade,entrega,negativo,negativo,lexico,entrega:negativo,False
"No aniincio néo fala que poderé vr 00 cor.. para mim seria branco... No goste, pols no combina com nada na minha cozinha.. No usei ainda p saber se é boa,",Cozedor de Ovos 3 Andares,Double Date,qualidade,qualidade,negativo,positivo,lexico,qualidade:positivo,False
"pacote saiu do Rio de Janeiro veio para Séo Paulo fol para Manaus voltou para Sao Paulo e chegou na minha casa... aff. demorou... vou verse funciona,",Cozedor de Ovos 3 Andares,Double Date,qualidade,entrega,negativo,negativo,lexico,entrega:negativo,False
"Veio molhado no vou nem pedir reembolso porque nem responderem vo! ‘As tramportadoras so péssimas,como esté na minha caixa ,alguém veio sentado em cimat",Cozedor de Ovos 3 Andares,Double Date,qualidade,qualidade,negativo,negativo,lexico,qualidade:negativo,True
Achei que fosse maior pra ovo bom mas pra de mais coisas jf é pequeno acortbm no me agradou achei queria vim um branco venho azul no testel ainda Prosuio: Nem com defete/dandicado Eu compre! para dar de presente infelizmente velo quebrada a cata toda damantela e amassada ‘hagomogahertonseca wee oie ‘Acai chegou tode amassada e velo com uma protesSo de uma sacola Vou testa e verse o produto ndo danificou.,Cozedor de Ovos 3 Andares,Double Date,qualidade,qualidade,neutro,neutro,lexico,qualidade:neutro,True
"rogue: tem diferente da descrigfo ‘Acaixa velo bem amassada eo produto chegou na cor rosa, diferente da foto do andncio que era na cor branca. ‘Qualidade’ eles chegaram com as calxas todas resgadas Funeionamento: eu ainda ndo teste! (O meu veio com uma bandeja quebrada! De resto parece que esté funcionando. Achei muito pequeno ¢o fio curto",Cozedor de Ovos 3 Andares,Double Date,qualidade,qualidade,negativo,negativo,lexico,qualidade:negativo,True
"Ele bom tested até com verdura ‘6 que! chatesds que pedo branco vel um azul horrivel »entregs fl répido vodut tem diferente da descrigdo Um problema & que no cabe a mesma quantidade quando 0s ovos so Jumbo, $63 em cada andar \Vevo quebrado no designer. Mas nio t strapsthando o.us0, gue na tomada © esquentou . ‘cel que ers mir, ache! rg, no velo bem embslado ind no test,",Cozedor de Ovos 3 Andares,Double Date,qualidade,qualidade,negativo,neutro,lexico,qualidade:neutro,False
"Achel que era maior, achel frag, no velo bem embalado, ainda no teste,",Cozedor de Ovos 3 Andares,Double Date,qualidade,entrega,negativo,positivo,lexico,entrega:positivo,False
"CChegou muito répido, funciona bem. Infelizmente veio um pratinho quebrado. Recebi antes do prazo, entregador muito educadolO problema & que 0 produto no funciona como anunciado,Iiguo e menos de 30 segundos desliga, a voltagem & ‘compativel, mas ndo cozinha nada, nem esquenta o aparelho.Jé testel viras vezes e dias diferentes, Tive que cozinhar os oves tadicionalmente, como postei nas fotos. ‘Me sentido enganadal @ 'NBo recomendo!",Cozedor de Ovos 3 Andares,Double Date,entrega,entrega,negativo,positivo,lexico,entrega:positivo,False
ovo fice cru nae e eo dez minutos tem q por duse vezes a] a,Cozedor de Ovos 3 Andares,Double Date,qualidade,qualidade,negativo,negativo,bertimbau,qualidade:negativo,True
"Produ: tem com defeito/danificado Nao funciona. No esquenta a ponto de cozinhar oves Eu compre branco e mandaram rosa, SIMPLESMENTE HORROROSO. CAIA CHEGOU TODA DESTRUIDA. Qualidade: Rim Legumes: Demora para cozinhar e tem que ficarrepondo a égua. Péssimo f9cozinhar os ovos. Dé muita bagunea. Testel virias vezes e no deu certo. Nie cecomendo.",Cozedor de Ovos 3 Andares,Double Date,qualidade,qualidade,negativo,negativo,lexico,qualidade:negativo,True
"slidade Rum Legumes: Demora para cozinhar e tem que ficar repondo a égua. Péssimo para cozinhar os ovos. Dé muita bagunea. Teste vias vezes e ndo deu certo, Produto. Nem aiferente da descrigdo Ped! o branco, e me enviaram 0 amarelo. Se fosse para Secor alestoris eu pagaris mais berato, Nem para avisar. Ainda sem nenhuma proteedo, sabendo como ¢ 0 “Cuidado” ‘com as entregas...No geral fol rdpido a entrega e esté funcionando bem. Os produtos da China sio excelentes. Por isso prefiro comprar no Alexpress! edi o modelo branco,eforcel o pedido dizendo que queria branco me enviaram rosa vou devolve, ‘owe ‘wautzals ‘Velo funcionando, porém multo mal embalado. A Calxa chegou destruda, Por isso no recomendo ‘oso Mem diferente da deserigSo Soli! branca velo rosa é poesia Produo: Nem com dfeito/daniicado Produ Mem com éefeto/danificedo",Cozedor de Ovos 3 Andares,Double Date,qualidade,entrega,neutro,positivo,lexico,entrega:positivo,False
"Produte: Nem diferente da descri¢lo ‘Comprei cor branca e velo amarela eno,",Cozedor de Ovos 3 Andares,Double Date,qualidade,qualidade,negativo,negativo,bertimbau,qualidade:negativo,True
"Produto: Ndo é a marca do pedido Eu pedi brenco e velo amarelo ‘p8tan2pt 02501-14043 Esperava mais do produto, nfo cozinha bem.",Cozedor de Ovos 3 Andares,Double Date,qualidade,qualidade,negativo,negativo,bertimbau,qualidade:negativo,True
Produto: tem diferente da descriglo Pedi branco velo rosa fe Gu ‘marigesmenassa ‘Achel muito fei ve our ‘Nao cozinha dirito fe our Chegou ve ou?,Cozedor de Ovos 3 Andares,Double Date,qualidade,entrega,negativo,negativo,bertimbau,entrega:negativo,False
"O produto decente, mas a procedéncia do material passa um sentimento de barato e descartével...",Fone de Ouvido Bluetooth E6S TWS,Double Date,qualidade,qualidade,neutro,negativo,bertimbau,qualidade:negativo,False
Conforto: normal Qualidade do som: Dé pra ouvir misica,Fone de Ouvido Bluetooth E6S TWS,Double Date,qualidade,qualidade,neutro,neutro,lexico,qualidade:neutro,True
"Conforto: ele encaixa bem, consigo virar de lado Qualidade do som: @ som ébom eé alto ‘Abateria dele dura, em média, 1h 2 1h30, porém ele chegou em 70% entio acredito que deva demorar um pouco mais para",Fone de Ouvido Bluetooth E6S TWS,Double Date,qualidade,qualidade,neutro,positivo,lexico,qualidade:positivo,False
produto chegou antes do prazo chegou tudo certinho m: a =,Fone de Ouvido Bluetooth E6S TWS,Double Date,qualidade,entrega,neutro,positivo,lexico,entrega:positivo,False
Chegou certinho! Mas o som é bem agudo como comprei 3 unidades vou trocar o alto-falante de um deles para ver se fica melhor,Fone de Ouvido Bluetooth E6S TWS,Double Date,qualidade,entrega,neutro,positivo,bertimbau,entrega:positivo,False
"Conforto: muito bom , gostei bastante Qualidade do som: 0 som também é bom , muito bom, fiquei satisfeito",Fone de Ouvido Bluetooth E6S TWS,Double Date,qualidade,qualidade,positivo,positivo,lexico,qualidade:positivo,True
"Chegou antes do prazo Perfeitas condigdes Parecido com anincio Valor acessivel ‘Obs: 0 som é mas ou menos como; se vc botasse a mao na boca e falasse, sai meio seco sei, Desens ae",Fone de Ouvido Bluetooth E6S TWS,Double Date,preço,entrega,neutro,positivo,lexico,entrega:positivo,False
Conforto: bom Qualidade do som: bem alto s6 no tem muita qualidade e descarrega répido,Fone de Ouvido Bluetooth E6S TWS,Double Date,qualidade,qualidade,neutro,positivo,lexico,qualidade:positivo,False
"Conforto: nd encaixa muito bem ,cai toda hora pois meu ouvido pequeno mas pelo prego é razoével! Qualidade do som: no achel to bom mas quebra o galho Chegou bem embalado mas a parte da borracha estava solta ¢ 0 miolo aparecendo, mas resolvil Descarrega muito répido ! 0 meu de fio 2 qualidade etc bem superior a esse mas tudo bem! Obrigada 20 vendedor e ao shopee ! Ves no tem culpa desses produtos da CHINA! KKKK",Fone de Ouvido Bluetooth E6S TWS,Double Date,qualidade,qualidade,neutro,positivo,lexico,qualidade:positivo,False
pedido chegou bem rapido e parecia ser bom de inicio mas por lgum motivo a bateria no passa de 70°/ chega nesse ponto ele para de carregar fora isso é bom gostaria de saber o que podem fazer pra corrigirisso,Fone de Ouvido Bluetooth E6S TWS,Double Date,qualidade,entrega,neutro,positivo,lexico,entrega:positivo,False
"chegar, mas ele ¢ igual ao snuncio e entregaram dentro do prazo, se funcionasse perfeitamente super recomendaria",Fone de Ouvido Bluetooth E6S TWS,Double Date,qualidade,entrega,neutro,positivo,lexico,entrega:positivo,False
Porém logo apés 0 prazo de devolugo um dos fones nio funciona mais por mal contato.,Fone de Ouvido Bluetooth E6S TWS,Double Date,qualidade,entrega,neutro,negativo,bertimbau,entrega:negativo,False
"som é alto, e os botdes vieram funcionando ok, porém no primeiro uso jé chiou bastante, no sei porque.",Fone de Ouvido Bluetooth E6S TWS,Double Date,qualidade,qualidade,neutro,neutro,lexico,qualidade:neutro,True
"Produto é até razoavel, a se comparar pelo prego, valeu a compra",Fone de Ouvido Bluetooth E6S TWS,Double Date,qualidade,qualidade,positivo,positivo,lexico,qualidade:positivo,True
Bom custo x beneficio mas material fragil. No compraria novamente.,Fone de Ouvido Bluetooth E6S TWS,Double Date,preço,preço,negativo,positivo,lexico,preço:positivo,False
"Bonzinho mas o material ede segunda. Mas funciona,",Fone de Ouvido Bluetooth E6S TWS,Double Date,qualidade,qualidade,neutro,positivo,bertimbau,qualidade:positivo,False
"Conferte: bom Qualidade do som: boa [Nao avalio 5 estrelas porque descarrega muito répido, dura 30 a 40mit no méximo.",Fone de Ouvido Bluetooth E6S TWS,Double Date,qualidade,qualidade,neutro,positivo,lexico,qualidade:positivo,False
Qualidade do som: 0 som parece abafado Conforto: e bem confortavel Gostei mas o fio e meio curto Pelo prego e bom,Fone de Ouvido Bluetooth E6S TWS,Double Date,qualidade,qualidade,neutro,positivo,lexico,qualidade:positivo,False
"produto bom, o valor é alto mas a bateria dura 30 min.descarrega muito répido.",Fone de Ouvido Bluetooth E6S TWS,Double Date,qualidade,qualidade,neutro,positivo,lexico,qualidade:positivo,False
"onforto: felo estragado, Qualidade do som: mas pelo prego. [Nao vale apena tentar trocar",Fone de Ouvido Bluetooth E6S TWS,Double Date,qualidade,qualidade,neutro,negativo,lexico,qualidade:negativo,False
"Abateria dura muito pouco, mais compensa igual pelo valor, pra uma caminhada no MT longs ou ligagdo",Fone de Ouvido Bluetooth E6S TWS,Double Date,preço,preço,neutro,positivo,bertimbau,preço:positivo,False
"trava.n sel se fol um defeito mas pra mim esta desse jelto. fora isso de boa..carrega rapido ‘essa questéo da conexo me decepcionou bastante.eu sempre vou trabalhar de moto ouvindo misica, nem da pra ouvir..picota",Fone de Ouvido Bluetooth E6S TWS,Double Date,qualidade,entrega,neutro,neutro,lexico,entrega:neutro,False
Conforto: mais ou menos Qualidade do som: é muito bom,Fone de Ouvido Bluetooth E6S TWS,Double Date,qualidade,qualidade,positivo,positivo,lexico,qualidade:positivo,True
"Conforto: super confortavel encaixa bem na orelha, Qualidade do som: 0 som é muito bom Porém a bateria acaba muito rapido, no gostel walisonantniosoaresrocha",Fone de Ouvido Bluetooth E6S TWS,Double Date,qualidade,qualidade,neutro,positivo,lexico,qualidade:positivo,False
Produto no tem bateria [| muito resistente mas bonzinho condizente com 0 preco,Fone de Ouvido Bluetooth E6S TWS,Double Date,qualidade,qualidade,neutro,positivo,lexico,qualidade:positivo,False
"Qualidade do som baixa , pelo preco vale a pena,, espero que dure um pouco.",Fone de Ouvido Bluetooth E6S TWS,Double Date,preço,preço,neutro,positivo,bertimbau,preço:positivo,False
"Qualidade do som: 0 som no é dos melhores, porém é bem alto.",Fone de Ouvido Bluetooth E6S TWS,Double Date,qualidade,qualidade,neutro,positivo,bertimbau,qualidade:positivo,False
"Qualidade de éudio no muito boa e bateria com pouca duragao. Porém, considerando o valor, acaba sendo uma boa opcdo.",Fone de Ouvido Bluetooth E6S TWS,Double Date,qualidade,qualidade,neutro,positivo,lexico,qualidade:positivo,False
Qualidade do som © produto velo com defeito e no carrega no carregador . No funciona,Fone de Ouvido Bluetooth E6S TWS,Double Date,qualidade,qualidade,negativo,negativo,lexico,qualidade:negativo,True
"Conforto: razoavel, n é to confortavel Qualidade do som: bem alto,bom som Chegou bem antes do prazo e pelo prego ta otimo, n é muito confortavel no ouvi",Fone de Ouvido Bluetooth E6S TWS,Double Date,qualidade,entrega,positivo,positivo,lexico,entrega:positivo,False
"onforto: macio ,isola ruidos Qualidade do som: som n muito bom, mas e alto Pelo valor ate compensa , mas ele cai toda hora do pescogo e012 a 005",Fone de Ouvido Bluetooth E6S TWS,Double Date,preço,qualidade,neutro,positivo,lexico,qualidade:positivo,False
Qualidade do som: e pelo valor vale mas o son é meio arranhado,Fone de Ouvido Bluetooth E6S TWS,Double Date,preço,qualidade,neutro,neutro,bertimbau,qualidade:neutro,False
"Veio bem embalado, o som é meio abafado, nao é muito alto. Mas quebra um galho e pelo preco esta étimo @",Fone de Ouvido Bluetooth E6S TWS,Double Date,preço,preço,neutro,positivo,lexico,preço:positivo,False
"Comprei dois de modelos diferentes e ndo gostei quem gosta de escutar musica com grave,batida Nei compre e s6 dinheiro jogado ""ea TZ | ak",Fone de Ouvido Bluetooth E6S TWS,Double Date,preço,qualidade,negativo,positivo,lexico,qualidade:positivo,False
"So lindos, apenas ndo funcionaram no meu celular. Ento, ndo adiantou a compra. Lamento!",Fone de Ouvido Bluetooth E6S TWS,Double Date,qualidade,qualidade,negativo,positivo,lexico,qualidade:positivo,False
